match_id,round,date,team,opponent,is_home,team_score,opponent_score,formation,possession_pct,goals,xg,shots,shots_on_target,passes,passes_completed,pass_completion_pct,completed_line_breaks,defensive_line_breaks,receptions_final_third,crosses,ball_progressions,def_pressures,def_pressures_direct,forced_turnovers,second_balls,total_distance_km,zone4_low_speed_sprint_km,phase_build_up_unopposed_pct,phase_build_up_opposed_pct,phase_progression_pct,phase_final_third_pct,phase_long_ball_pct,phase_attacking_transition_pct,phase_counter_attack_pct,phase_set_piece_pct,phase_high_press_pct,phase_mid_press_pct,phase_low_press_pct,phase_high_block_pct,phase_mid_block_pct,phase_low_block_pct,phase_recovery_pct,phase_defensive_transition_pct,phase_counter_press_pct,avg_pressure_duration_s,ball_recovery_time_s,pushing_on_into_pressing,pushing_on,pressing_direction_inside,pressing_direction_outside,ip_build_up_low_team_width_m,ip_build_up_low_team_length_m,ip_build_up_low_line_height_m,ip_build_up_mid_team_width_m,ip_build_up_mid_team_length_m,ip_build_up_mid_line_height_m,ip_final_third_phase_team_width_m,ip_final_third_phase_team_length_m,ip_final_third_phase_line_height_m,oop_high_block_press_team_width_m,oop_high_block_press_team_length_m,oop_high_block_press_line_height_m,oop_mid_block_team_width_m,oop_mid_block_team_length_m,oop_mid_block_line_height_m,oop_low_block_team_width_m,oop_low_block_team_length_m,oop_low_block_line_height_m,lb_4u_attempted,lb_3u_attempted,lb_2u_attempted,lb_4u_inside_shape,lb_3u_inside_shape,lb_2u_inside_shape,lb_4u_outside_shape,lb_3u_outside_shape,lb_2u_outside_shape,offers_made_total,offers_received_total,offers_made_final_third,offers_made_middle_third,offers_made_defensive_third,offers_made_inside_shape,offers_made_outside_shape,possession_regained_total,interceptions_total,tackles_total,possession_actions_per_defensive_action,blocks_total,possession_contests_total,total_set_plays,corner_direct_to_area_left,corner_direct_to_area_right,corner_direct_to_area_total,corner_short_left,corner_short_right,corner_short_total,corner_edge_box_left,corner_edge_box_right,corner_edge_box_total,corner_inswing,corner_outswing,corner_driven,corner_lofted,freekick_direct,freekick_direct_on_target,freekick_direct_off_target,freekick_indirect,total_free_kicks,total_penalties,total_corners,total_throw_ins,movement_final_third_phase_total,movement_progression_phase_total,movement_build_up_phase_total,movement_all_types_total,movement_final_third_in_front,movement_final_third_in_between,movement_final_third_out_to_in,movement_final_third_in_to_out,movement_final_third_in_behind,movement_middle_third_in_front,movement_middle_third_in_between,movement_middle_third_out_to_in,movement_middle_third_in_to_out,movement_middle_third_in_behind,movement_defensive_third_in_front,movement_defensive_third_in_between,movement_defensive_third_out_to_in,movement_defensive_third_in_to_out,movement_defensive_third_in_behind
1,Group A,11 June 2026,Mexico,South Africa,True,2,0,4-1-2-3,57.1,2,1.78,16,4,547,495,90,105,10,117,13,23,170,26,31,56,107.3,5.3,47,13,16,11,3,10,1,5,9,3,0,7,25,11,5,12,8,1.57,14.38,79,200,29,96,56,40,19,57,33,39,47,35,54,43,38,46,42,30,38,35,26,19,11,85,40,7,40,23,4,45,17,424,166,134,212,78,213,211,37,6,16,10.36,13,33,36,3,0,3,0,0,0,0,0,0,1,2,0,0,11,0,0,1,12,0,3,21,65,96,176,309,7,26,5,4,76,62,49,10,13,15,28,11,2,1,0
1,Group A,11 June 2026,South Africa,Mexico,False,0,2,5-3-2,42.9,0,0.1,3,2,351,290,83,57,3,36,8,8,306,45,32,45,97.1,5.1,43,13,14,7,6,12,2,5,6,3,1,5,30,14,2,10,7,1.43,22.45,141,329,54,168,55,42,18,53,36,39,43,39,51,43,37,47,41,25,39,35,22,20,8,64,24,5,41,16,3,23,8,247,94,71,104,72,124,123,41,9,29,3.66,15,35,25,0,0,0,0,1,1,0,0,0,0,0,0,0,11,0,0,2,13,0,1,11,17,53,103,179,1,8,0,3,51,39,27,5,5,5,23,7,2,3,0
2,Group A,11 June 2026,Korea Republic,Czechia,True,2,1,3-4-3,55.8,2,1.77,15,6,542,483,89,92,10,125,17,27,147,22,30,49,111.8,5.4,38,19,12,14,5,10,2,8,4,3,0,6,13,20,5,17,11,1.7,12.78,57,148,23,77,57,37,22,55,31,45,44,32,59,42,34,51,41,25,38,36,25,19,4,73,47,2,49,32,2,24,15,386,186,143,176,67,191,195,50,6,13,6.54,18,54,48,1,1,2,1,1,2,0,0,0,2,0,0,0,16,0,0,2,18,0,4,26,60,60,181,281,24,24,3,3,70,65,26,7,8,16,28,6,0,1,0
2,Group A,11 June 2026,Czechia,Korea Republic,False,1,2,5-2-3,44.3,1,0.64,7,4,327,241,74,54,5,77,15,10,301,54,40,78,117.6,6.0,32,13,13,12,10,17,1,8,5,7,1,5,18,26,4,10,7,1.61,18.42,138,337,41,175,50,39,18,49,33,42,42,34,59,46,36,48,45,28,38,38,23,19,5,69,35,3,50,27,2,19,8,197,67,90,84,23,95,102,42,6,29,3.03,17,55,32,2,3,5,0,0,0,0,0,0,2,3,0,0,9,0,0,2,11,0,5,16,27,43,91,159,4,14,1,2,56,24,20,0,3,22,7,3,1,1,1
3,Group B,12 June 2026,Canada,Bosnia and Herzegovina,True,1,1,4-4-2,52.8,1,1.49,13,4,412,316,77,84,16,143,30,30,160,38,50,94,111.3,5.8,30,10,17,19,3,17,2,11,6,6,1,5,11,5,6,36,20,1.33,8.51,65,138,24,87,49,38,23,53,30,47,40,30,62,38,35,49,37,28,35,32,24,16,5,76,64,4,46,38,1,30,26,294,86,187,91,16,154,140,64,7,41,3.74,15,91,61,1,4,5,1,2,3,0,1,1,1,5,0,0,20,0,0,0,20,0,9,32,79,77,100,229,13,37,3,6,101,16,11,3,8,20,7,3,0,1,0
3,Group B,12 June 2026,Bosnia and Herzegovina,Canada,False,1,1,4-4-2,47.2,1,0.76,8,3,279,186,67,61,4,51,8,22,203,35,51,79,109.5,5.2,16,8,12,5,10,36,3,11,2,2,1,1,14,31,5,17,13,1.49,12.03,81,190,33,100,46,37,18,48,33,41,37,35,56,39,36,49,40,24,36,35,18,17,5,77,33,4,55,24,1,22,9,126,47,32,79,15,74,52,63,8,36,1.7,33,91,41,1,3,4,0,0,0,0,0,0,3,1,0,0,10,0,0,1,11,0,4,26,8,21,30,107,3,7,1,4,15,30,17,4,5,12,6,3,0,0,0
4,Group D,12 June 2026,USA,Paraguay,True,4,1,4-2-3-1,59.5,4,1.88,16,6,602,520,86,129,25,201,23,52,204,39,50,101,119.9,6.2,37,12,19,22,2,15,1,7,8,7,0,8,14,4,4,26,19,1.37,11.23,96,189,32,114,56,38,22,54,31,44,40,33,57,34,35,50,35,26,39,31,25,15,7,98,65,4,46,35,3,52,30,471,160,245,187,39,253,218,47,7,20,7.32,15,56,44,1,2,3,0,0,0,0,0,0,3,0,0,0,16,0,0,2,18,0,3,23,136,140,171,350,17,65,9,11,100,51,40,6,9,18,18,5,1,0,0
4,Group D,12 June 2026,Paraguay,USA,False,1,4,4-4-2,40.5,1,0.6,9,1,316,234,74,53,3,31,5,17,360,75,49,55,114.3,6.1,21,16,15,7,8,26,1,7,4,3,1,3,25,28,4,15,11,1.47,17.37,169,361,47,233,48,37,17,49,33,37,39,37,56,38,36,48,38,24,38,34,21,18,6,65,29,4,47,25,2,18,4,204,73,39,112,53,105,99,52,8,57,1.71,32,56,33,0,0,0,1,0,1,0,0,0,0,0,0,0,13,0,0,2,15,0,1,17,19,40,77,152,3,12,2,0,17,39,17,4,8,18,22,8,0,2,0
5,Group C,13 June 2026,Haiti,Scotland,True,0,1,4-4-2,51.6,0,0.7,15,2,431,378,88,84,4,116,26,24,185,35,29,53,113.7,5.9,44,9,19,19,2,12,2,6,5,7,1,6,25,8,5,11,7,1.52,14.86,79,166,29,108,54,41,19,57,32,46,46,33,58,39,35,47,38,27,39,36,24,18,5,64,45,5,27,27,0,37,18,267,94,158,94,15,129,138,40,7,22,4.64,19,46,40,2,1,3,1,0,1,0,0,0,2,1,0,0,21,0,0,1,22,0,4,14,75,65,121,202,11,31,0,6,91,33,11,0,3,8,6,2,0,0,0
5,Group C,13 June 2026,Scotland,Haiti,False,1,0,4-4-2,48.4,1,0.91,9,2,397,324,82,86,6,77,16,21,230,39,35,52,117.6,5.9,33,9,19,9,8,11,0,10,1,1,1,4,21,34,8,12,8,1.85,21.55,99,211,33,150,54,38,20,56,34,38,43,40,52,39,37,47,40,26,36,37,20,18,8,95,21,5,55,12,3,40,9,329,115,123,159,47,167,162,39,3,24,4.26,19,47,52,1,2,3,0,0,0,0,0,0,3,0,0,0,23,0,0,3,26,0,3,23,53,82,123,256,7,23,3,5,68,52,47,3,2,20,15,9,0,1,1
6,Group D,13 June 2026,Australia,Türkiye,True,2,0,5-4-1,27.0,2,0.99,9,4,293,224,76,56,10,68,14,22,384,57,35,62,116.6,5.6,20,13,11,12,9,22,1,9,1,2,0,1,18,56,4,7,6,1.61,23.57,197,291,56,243,50,36,15,51,34,41,39,35,58,38,36,49,38,22,38,33,16,18,6,59,32,3,31,25,3,28,7,193,74,70,70,53,105,88,48,6,34,1.76,36,47,26,1,4,5,0,0,0,0,0,0,2,1,0,2,4,0,0,3,7,0,5,14,29,42,67,150,5,18,5,1,32,27,20,1,2,9,25,3,1,1,0
6,Group D,13 June 2026,Türkiye,Australia,False,0,2,4-2-3-1,73.0,0,1.66,30,7,722,663,92,132,15,348,28,38,170,31,30,87,112.5,5.1,41,19,21,34,1,7,2,7,11,4,1,6,7,9,5,22,14,1.51,10.66,77,167,35,98,52,37,21,55,29,46,46,25,65,40,36,50,38,32,41,32,25,12,4,49,113,1,21,51,3,28,62,533,190,373,136,24,300,233,33,6,32,7.3,17,46,45,5,1,6,1,1,2,0,0,0,5,1,0,0,12,2,0,1,13,0,8,24,205,120,265,411,101,54,4,7,148,48,27,4,2,5,8,3,0,0,0
7,Group C,13 June 2026,Brazil,Morocco,True,1,1,4-4-2,46.7,1,0.99,12,5,514,457,89,89,11,100,19,30,315,54,41,56,113.7,6.8,41,13,18,11,2,12,1,5,7,3,0,6,16,19,6,16,10,1.58,18.03,133,294,57,187,57,39,21,56,32,43,46,35,57,43,35,49,40,28,41,35,23,17,4,84,31,4,32,18,0,52,13,348,155,126,178,44,174,174,48,15,54,3.3,18,38,38,3,3,6,0,0,0,0,0,0,6,0,0,0,14,0,0,1,15,0,6,17,53,78,130,241,19,21,1,6,58,48,30,7,5,19,17,10,0,0,0
7,Group C,13 June 2026,Morocco,Brazil,False,1,1,4-2-3-1,53.3,1,1.33,14,3,503,431,86,81,5,149,14,49,285,41,50,79,114.9,6.5,31,14,15,17,5,16,2,6,4,4,1,3,34,20,5,12,8,1.59,16.83,145,275,33,189,52,38,19,56,31,44,45,34,56,39,38,48,42,24,36,36,20,19,5,90,37,4,57,22,1,33,15,400,148,181,159,60,226,174,47,10,33,4.69,16,34,31,0,2,2,0,0,0,0,0,0,1,1,0,0,16,0,0,0,16,0,2,13,88,88,130,301,4,60,4,8,81,41,45,5,7,18,19,8,0,1,0
8,Group B,13 June 2026,Qatar,Switzerland,True,1,1,4-2-3-1,28.8,1,0.52,6,3,289,213,74,58,2,41,8,13,294,42,36,53,109.2,4.8,29,12,11,8,9,19,3,7,0,2,1,4,17,47,3,10,8,1.54,18.41,139,269,42,190,54,40,15,53,33,44,47,37,51,37,36,51,36,24,37,33,19,18,9,76,22,6,53,13,3,23,9,216,65,65,87,64,116,100,46,5,33,1.86,31,37,29,0,2,2,1,0,1,0,0,0,0,2,0,0,11,0,0,1,12,0,3,14,33,55,82,169,3,8,1,2,46,26,21,3,5,11,28,8,3,4,0
8,Group B,13 June 2026,Switzerland,Qatar,False,1,1,4-3-3,71.2,1,3.14,26,7,591,542,92,122,17,245,34,31,165,33,42,70,109.4,5.6,44,14,22,28,1,10,1,5,9,3,0,10,13,8,8,19,14,1.78,13.22,77,171,30,95,50,40,18,52,30,47,45,28,64,40,36,52,39,30,37,37,25,20,3,68,83,0,30,33,3,38,50,325,105,205,104,16,202,123,41,12,14,8.46,16,36,39,2,7,9,1,0,1,0,0,0,5,3,0,1,11,0,0,0,11,1,10,17,119,110,159,261,27,46,4,4,100,44,17,1,1,10,2,3,1,1,0
9,Group E,14 June 2026,Côte d'Ivoire,Ecuador,True,1,0,4-4-2,41.9,1,1.88,15,4,471,413,88,113,11,120,15,39,288,31,44,63,109.6,5.8,27,14,18,22,3,16,1,5,5,5,0,11,27,12,4,14,9,1.47,17.27,151,304,47,169,56,41,21,56,34,41,45,35,55,40,36,47,39,26,37,35,26,17,6,108,30,3,53,15,3,55,15,333,128,139,148,46,179,154,44,11,23,4.92,17,36,30,1,1,2,1,0,1,0,0,0,1,1,0,0,13,0,0,0,13,0,3,14,84,78,112,243,12,37,6,3,60,22,52,6,5,18,15,6,1,0,0
9,Group E,14 June 2026,Ecuador,Côte d'Ivoire,False,0,1,4-4-2,58.1,0,1.36,12,1,513,438,85,106,8,97,14,16,280,61,49,60,108.4,5.7,38,12,20,11,5,14,0,4,6,4,1,4,19,24,4,16,12,1.56,15.65,129,291,39,164,56,39,19,57,34,40,45,37,53,42,38,47,41,30,36,37,24,15,11,104,32,8,52,19,3,52,13,339,147,108,166,65,174,165,50,8,37,4.15,21,40,29,3,2,5,0,0,0,0,0,0,4,1,0,0,10,0,0,0,10,0,5,14,60,98,116,253,11,23,5,4,51,51,31,6,8,25,21,13,0,4,0
10,Group E,14 June 2026,Germany,Curaçao,True,7,1,3-4-3,57.8,7,4.17,26,12,641,569,89,125,18,252,20,32,227,55,46,82,116.2,6.3,35,17,19,23,1,13,0,7,9,6,0,8,11,13,8,20,15,1.64,11.42,97,221,45,118,50,36,21,51,27,46,39,27,64,37,35,50,36,24,38,35,22,19,6,90,62,5,44,24,1,46,38,445,153,253,159,33,243,202,41,8,41,5.99,20,30,37,2,5,7,0,1,1,0,0,0,7,0,0,0,10,0,0,1,11,1,8,17,120,115,173,340,33,56,8,2,113,75,27,1,6,6,9,4,0,0,0
10,Group E,14 June 2026,Curaçao,Germany,False,1,7,4-1-2-3,42.2,1,0.4,8,2,362,291,80,72,6,61,5,34,339,48,43,58,103.5,5.0,25,15,19,9,5,20,1,6,2,2,1,1,25,37,1,13,11,1.39,18.09,151,369,54,190,49,37,17,52,30,42,42,38,51,37,36,49,37,23,35,32,21,18,12,70,33,8,38,25,4,32,8,241,79,80,129,32,141,100,55,14,30,2.52,41,29,28,1,0,1,0,0,0,0,0,0,1,0,0,0,18,0,0,0,18,0,1,9,33,58,80,191,9,15,1,3,46,21,36,4,5,33,11,7,0,0,0
11,Group F,14 June 2026,Netherlands,Japan,True,2,2,04-1-2-3,54.9,2,0.63,10,6,529,473,89,88,13,156,23,23,194,30,33,49,102.9,4.6,46,19,14,24,3,8,1,6,2,2,0,2,25,33,5,12,7,1.57,14.25,86,158,27,129,53,38,24,54,28,50,45,27,63,44,40,46,42,24,39,36,20,18,2,48,73,2,30,34,0,18,39,298,119,167,102,29,180,118,32,8,19,6.22,17,46,33,2,3,5,0,0,0,0,0,0,2,3,0,0,7,0,0,0,7,0,5,21,95,71,158,239,32,40,3,2,73,41,17,2,6,3,7,7,0,1,5
11,Group F,14 June 2026,Japan,Netherlands,False,2,2,3-4-3,45.1,2,0.34,9,2,356,302,85,72,13,120,24,21,316,46,28,50,109.4,5.1,44,9,17,20,3,12,1,6,2,3,0,1,18,50,4,8,6,1.75,22.26,151,274,68,193,55,38,22,59,31,44,47,29,63,43,36,45,41,22,37,37,17,20,5,36,68,2,19,38,3,17,30,342,105,193,112,37,203,139,37,6,24,3.81,13,48,31,1,3,4,0,0,0,0,0,0,1,3,0,0,7,0,0,1,8,0,4,19,101,90,125,261,27,40,5,12,75,35,21,3,1,15,18,8,1,0,0
12,Group F,14 June 2026,Sweden,Tunisia,True,5,1,3-4-1-2,47.4,5,2.09,13,7,356,290,81,71,13,103,12,26,172,44,42,69,111.3,5.1,38,10,13,17,5,15,5,6,2,2,1,2,24,25,3,16,12,1.5,15.0,64,145,27,104,58,39,22,57,34,43,39,38,54,39,38,48,40,26,36,36,22,21,7,74,31,3,41,16,4,33,15,250,97,102,126,22,124,126,46,8,25,3.88,14,49,37,2,2,4,0,0,0,0,0,0,4,0,0,0,8,0,0,6,14,0,4,19,57,56,95,183,9,28,1,11,41,36,23,2,5,16,8,2,0,1,0
12,Group F,14 June 2026,Tunisia,Sweden,False,1,5,5-3-2,52.6,1,0.34,6,2,370,299,81,76,5,84,13,19,223,45,41,67,109.7,5.9,37,11,19,14,4,16,0,8,3,4,0,3,21,21,7,15,9,1.89,17.18,90,188,24,152,57,39,19,59,32,40,44,33,58,44,39,44,42,26,38,36,23,20,9,84,23,8,50,15,1,34,8,362,109,154,166,42,205,157,39,5,35,3.27,17,47,32,1,1,2,0,0,0,0,0,0,2,0,0,0,10,0,1,3,13,0,2,17,55,84,142,281,11,42,1,5,75,29,50,7,17,14,15,12,0,3,0
13,Group H,15 June 2026,Saudi Arabia,Uruguay,True,1,1,4-4-2,27.1,1,1.06,7,3,331,243,73,54,3,60,6,13,318,40,44,58,109.5,4.7,25,12,12,8,9,22,2,9,1,3,0,2,28,41,3,9,7,1.47,19.24,129,254,38,233,47,36,16,54,33,38,40,36,55,39,35,46,37,24,37,33,17,18,5,67,29,5,51,23,0,16,6,201,54,74,100,27,113,88,37,7,21,2.5,28,49,34,0,3,3,0,0,0,0,1,1,0,3,0,0,6,0,0,6,12,0,4,18,32,42,62,152,8,16,4,3,30,22,29,3,7,17,9,2,1,0,1
13,Group H,15 June 2026,Uruguay,Saudi Arabia,False,1,1,4-4-2,72.9,1,1.5,27,10,623,566,91,128,16,222,42,32,157,23,39,67,110.9,5.2,44,15,19,24,1,9,0,6,6,1,0,4,21,9,3,22,17,1.4,12.89,64,179,30,78,55,38,23,54,30,46,45,28,63,41,35,50,43,26,34,37,21,16,3,70,81,1,38,23,2,32,58,538,180,293,196,49,243,295,42,12,14,7.62,21,52,45,5,6,11,1,0,1,2,0,2,5,6,0,0,11,1,0,0,11,0,14,20,147,141,250,392,45,44,8,1,144,53,35,9,2,32,13,6,0,0,0
14,Group H,15 June 2026,Spain,Cabo Verde,True,0,0,4-1-2-3,65.7,0,2.26,27,7,811,755,93,144,28,426,39,23,200,37,53,83,115.5,5.0,48,20,16,40,0,6,1,5,10,3,0,16,12,2,5,23,14,1.73,9.61,91,186,33,114,47,38,24,52,27,50,46,25,65,37,36,51,36,28,44,34,23,10,2,35,137,1,14,53,1,21,84,634,247,473,140,21,388,246,41,7,21,10.34,17,41,33,3,6,9,0,2,2,0,0,0,5,4,0,0,1,0,0,3,4,0,11,18,306,147,352,491,109,80,21,5,189,59,11,4,2,4,5,1,1,0,0
14,Group H,15 June 2026,Cabo Verde,Spain,False,0,0,4-1-2-3,34.3,0,0.13,6,1,306,227,74,57,1,17,3,23,398,44,47,54,112.4,4.2,26,15,11,5,8,23,2,7,1,1,0,0,18,60,2,6,5,1.36,24.76,182,352,60,252,51,37,14,52,34,33,37,37,55,36,38,47,36,23,37,35,16,17,9,85,12,6,59,10,3,26,2,238,80,38,109,91,114,124,71,9,33,1.93,37,43,27,0,1,1,0,0,0,0,0,0,1,0,0,0,10,0,0,2,12,0,1,14,15,43,75,159,4,2,0,0,29,11,43,7,7,16,20,15,3,2,0
15,Group G,15 June 2026,IR Iran,New Zealand,True,2,2,4-3-3,43.3,2,1.85,17,4,417,333,80,75,15,98,18,31,253,54,46,83,113.0,6.1,33,13,20,17,4,17,3,7,4,5,1,4,27,12,3,16,12,1.58,12.89,112,239,34,153,53,40,18,54,32,40,40,39,54,40,37,46,41,27,36,36,26,16,11,65,42,7,36,29,4,29,13,355,112,150,146,59,163,192,56,9,37,3.81,17,67,37,3,1,4,0,0,0,0,0,0,3,1,0,0,8,0,0,0,8,0,4,25,78,77,122,245,23,22,2,3,82,54,25,3,6,5,18,1,0,1,0
15,Group G,15 June 2026,New Zealand,IR Iran,False,2,2,4-4-2,56.7,2,1.47,14,8,448,378,84,89,3,104,11,22,234,42,47,67,112.9,6.6,36,12,13,13,4,16,1,7,5,5,1,4,26,15,7,17,10,1.8,12.89,95,203,40,143,54,39,22,55,35,38,43,36,56,40,38,48,39,27,37,33,31,16,7,72,39,6,41,21,1,31,18,396,154,129,211,56,206,190,67,8,29,3.27,38,66,28,0,0,0,0,1,1,0,0,0,0,0,0,0,9,1,0,2,11,0,1,16,68,79,154,276,10,38,5,5,52,53,50,4,12,30,14,3,0,0,0
16,Group G,15 June 2026,Belgium,Egypt,True,1,1,4-2-3-1,45.5,1,1.07,15,4,476,415,87,106,14,181,15,36,227,44,41,70,113.3,6.3,36,14,18,21,3,15,1,7,5,3,1,7,20,15,8,16,11,1.54,12.36,96,214,36,129,52,37,21,52,28,47,41,29,63,39,35,50,40,26,40,34,24,16,4,80,59,2,52,28,2,28,31,358,109,222,122,14,203,155,49,9,28,4.15,29,40,46,0,1,1,0,1,1,0,0,0,0,1,0,0,15,0,1,1,16,0,2,28,106,101,154,303,28,43,5,5,116,49,30,5,5,7,7,2,0,1,0
16,Group G,15 June 2026,Egypt,Belgium,False,1,1,4-2-3-1,54.5,1,0.73,14,3,411,339,82,78,11,96,17,22,258,68,52,66,111.3,6.2,31,8,18,15,5,16,2,9,2,2,1,2,19,37,3,15,9,1.39,18.55,106,244,33,140,56,39,18,56,33,41,42,36,55,39,38,49,40,22,38,35,19,19,8,78,37,3,50,20,5,28,17,285,102,113,135,37,137,148,50,8,59,3.03,26,41,41,0,3,3,3,1,4,0,0,0,2,1,0,0,15,0,0,0,15,0,7,19,65,73,71,206,7,19,8,4,61,22,29,7,6,23,15,3,0,1,1
17,Group I,16 June 2026,France,Senegal,True,3,1,4-2-3-1,49.4,3,1.62,11,8,584,516,88,118,11,99,9,37,277,49,54,67,120.2,7.0,41,15,19,12,2,11,2,4,5,4,1,9,30,13,4,11,8,1.7,16.75,135,248,56,142,57,38,20,57,29,44,46,29,59,38,37,49,38,27,38,35,25,19,8,100,48,7,44,22,1,56,26,373,161,140,171,62,212,161,42,10,30,6.56,16,28,27,0,3,3,3,0,3,0,0,0,3,0,0,0,9,0,0,3,12,0,6,9,53,90,150,255,6,24,2,1,86,55,26,2,9,14,25,4,1,0,0
17,Group I,16 June 2026,Senegal,France,False,1,3,4-3-3,50.7,1,0.39,6,2,521,453,87,101,11,78,11,28,308,44,39,64,116.7,6.2,38,16,17,11,3,11,2,4,5,3,0,8,31,17,5,11,8,1.42,19.16,135,320,51,186,56,37,19,55,32,40,46,34,55,41,35,48,40,23,37,36,18,19,8,92,43,3,52,24,5,40,19,350,124,103,187,60,221,129,46,11,30,4.87,20,28,31,2,1,3,0,1,1,0,0,0,2,1,0,0,5,0,0,1,6,0,4,21,40,100,172,293,8,23,1,2,58,60,67,5,6,25,26,10,1,1,0
18,Group I,16 June 2026,Iraq,Norway,True,1,4,4-4-2,34.7,1,1.2,11,1,347,286,82,70,11,72,9,24,288,64,42,52,111.7,5.6,32,14,13,9,7,22,3,6,6,7,0,7,34,16,4,7,6,1.64,22.84,153,271,50,165,56,41,16,55,35,38,40,39,54,39,34,47,38,24,38,34,19,18,13,70,26,8,40,21,5,30,5,310,91,130,128,52,155,155,44,7,39,2.84,17,53,29,1,1,2,0,0,0,0,0,0,2,0,0,0,13,0,0,0,13,0,2,14,42,68,145,240,9,25,1,2,85,29,37,5,11,12,15,6,2,1,0
18,Group I,16 June 2026,Norway,Iraq,False,4,1,4-1-2-3,65.3,4,2.41,11,5,548,493,90,116,16,101,17,34,173,34,31,52,116.3,5.3,43,18,19,11,3,7,1,7,12,3,1,6,19,11,6,22,13,1.56,13.7,79,183,27,92,55,38,21,52,31,40,42,31,61,37,36,49,37,26,37,32,29,16,9,95,45,3,47,23,6,48,22,355,140,99,193,63,191,164,35,10,32,5.61,11,53,40,3,1,4,1,0,1,0,0,0,4,0,0,0,12,0,0,1,13,0,5,22,40,72,138,230,3,23,4,5,58,56,38,3,9,10,12,7,1,1,0
19,Group J,16 June 2026,Argentina,Algeria,True,3,0,4-3-3,44.6,3,1.58,10,6,578,517,89,102,8,68,5,18,288,57,46,50,108.4,4.4,44,19,13,7,2,12,2,3,1,2,1,3,39,33,0,8,8,1.4,18.45,131,341,39,176,56,38,20,56,30,42,43,34,54,42,37,49,41,27,37,37,21,18,6,88,37,4,56,26,2,32,11,421,166,94,242,85,221,200,44,15,46,4.56,17,19,22,1,0,1,1,0,1,0,0,0,0,1,0,0,7,0,0,1,8,0,2,12,44,91,186,293,7,21,3,2,50,69,51,6,8,30,31,12,0,1,2
19,Group J,16 June 2026,Algeria,Argentina,False,0,3,4-3-3,55.4,0,0.41,7,1,634,578,91,115,7,160,8,40,332,37,40,59,109.3,5.2,49,18,14,16,0,8,0,5,7,6,0,7,32,11,5,12,8,1.7,20.18,145,334,78,175,58,37,24,57,29,45,47,29,61,41,35,50,38,22,38,36,20,21,5,94,36,2,47,19,3,47,17,472,172,222,200,50,238,234,31,9,30,8.12,14,19,37,1,0,1,0,1,1,0,0,0,1,0,0,0,13,0,0,3,16,0,2,19,77,80,251,342,31,42,9,10,91,66,49,6,13,5,8,8,1,3,0
20,Group J,16 June 2026,Austria,Jordan,True,3,1,4-2-3-1,53.3,3,1.93,10,4,587,499,85,112,14,132,17,35,206,44,54,83,120.4,6.7,37,15,17,14,3,13,1,5,8,3,1,3,14,13,7,25,16,1.49,11.84,93,192,20,148,49,40,22,48,32,43,38,36,55,38,38,47,38,29,36,32,25,12,4,97,54,3,54,31,1,43,23,468,180,175,243,50,265,203,55,13,39,4.25,29,50,33,3,0,3,1,0,1,0,0,0,3,0,0,0,6,0,0,1,7,1,4,21,82,108,197,357,15,48,4,4,72,102,53,4,6,26,10,11,0,0,2
20,Group J,16 June 2026,Jordan,Austria,False,1,3,3-4-3,46.6,1,0.53,11,4,344,254,74,63,4,91,15,23,322,42,55,85,119.2,6.7,21,9,19,19,7,25,3,10,4,4,0,3,22,24,6,13,10,1.84,17.53,164,381,57,203,59,41,20,56,36,40,42,36,54,39,38,46,38,28,36,34,25,20,12,77,24,5,53,10,7,24,14,295,89,159,94,42,120,175,46,4,30,2.68,36,50,37,1,0,1,2,0,2,0,0,0,0,0,0,0,12,0,0,3,15,0,3,19,83,69,70,201,14,31,8,4,77,16,25,2,4,9,9,2,0,0,0
21,Group L,17 June 2026,Ghana,Panama,True,1,0,4-1-2-3,35.6,1,0.98,7,2,362,304,84,70,12,66,17,36,294,60,49,70,119.0,6.2,35,9,14,11,7,18,2,7,5,3,1,4,36,17,3,10,8,1.52,22.37,117,231,37,189,52,36,21,56,32,42,46,36,55,39,35,47,39,27,38,35,26,18,1,62,45,0,38,27,1,24,18,226,81,80,115,31,114,112,51,9,31,3.35,20,43,35,1,1,2,0,0,0,0,0,0,1,1,0,0,11,0,0,1,12,0,2,21,28,37,87,164,12,7,0,3,49,36,7,1,7,28,13,1,0,0,0
21,Group L,17 June 2026,Panama,Ghana,False,0,1,3-4-3,64.4,0,0.77,11,4,597,526,88,105,8,114,21,22,201,62,48,75,117.3,5.7,46,11,17,13,3,10,1,5,2,4,1,4,23,22,5,18,13,1.83,12.16,80,193,26,104,59,40,20,58,34,38,45,35,57,43,35,51,43,21,41,39,20,22,3,129,24,1,65,13,2,64,11,424,148,150,199,75,187,237,52,10,53,4.75,14,45,38,1,0,1,0,1,1,0,0,0,0,0,0,1,9,0,0,4,13,0,2,23,66,106,169,279,10,29,1,5,82,52,53,6,11,5,17,8,0,0,0
22,Group L,17 June 2026,England,Croatia,True,4,2,4-2-3-1,49.0,4,3.33,22,11,482,421,87,82,11,78,15,23,262,38,36,63,117.0,6.6,38,19,16,10,4,12,3,6,10,5,0,5,16,21,4,13,11,1.61,18.03,137,269,71,141,55,38,18,54,30,40,39,31,60,39,35,50,39,23,39,36,17,19,8,68,40,5,37,19,3,31,21,399,132,113,189,97,227,172,49,6,20,6.18,21,47,36,2,5,7,0,1,1,0,0,0,0,5,0,2,11,0,0,1,12,1,8,15,41,80,184,291,6,15,3,2,71,52,46,10,5,20,40,16,2,3,0
22,Group L,17 June 2026,Croatia,England,False,2,4,3-4-3,51.0,2,0.82,10,5,459,399,87,85,8,89,12,20,295,50,35,48,113.7,6.4,34,18,16,15,6,13,1,6,13,5,0,10,25,9,6,12,8,1.51,17.07,156,285,45,182,56,37,19,55,30,43,47,28,61,43,36,49,42,23,39,35,17,18,5,61,59,3,41,36,2,20,23,280,85,105,130,45,148,132,37,11,28,4.32,17,43,30,1,1,2,0,0,0,0,0,0,2,0,0,0,10,0,0,0,10,0,2,18,55,72,131,215,6,13,0,3,67,39,38,1,10,11,16,8,1,1,1
23,Group K,17 June 2026,Portugal,Congo DR,True,1,1,4-2-3-1,68.9,1,0.57,7,1,804,740,92,146,18,222,23,27,183,24,29,70,109.8,5.7,44,21,20,24,1,7,0,4,4,7,0,4,14,13,7,18,11,1.62,11.03,74,182,42,98,56,41,19,58,30,43,48,31,59,41,35,51,39,31,37,34,29,18,7,94,80,3,29,26,4,65,54,491,177,229,210,52,261,230,29,9,25,9.81,9,23,33,0,4,4,1,0,1,0,0,0,1,1,1,1,10,0,0,2,12,0,5,16,164,117,244,380,22,44,3,7,128,78,34,2,9,26,18,6,0,3,0
23,Group K,17 June 2026,Congo DR,Portugal,False,1,1,5-3-2,31.1,1,0.54,8,2,268,214,80,60,4,62,10,24,407,41,42,46,112.4,6.0,18,12,18,14,7,18,4,9,4,2,1,4,32,37,4,7,5,1.67,33.49,183,348,59,292,56,38,19,52,31,41,43,35,54,44,35,49,41,24,39,35,24,20,10,60,30,9,40,18,1,20,12,253,84,103,119,31,131,122,34,5,33,2.66,20,23,31,1,1,2,0,2,2,0,0,0,0,2,0,0,9,0,0,3,12,0,4,15,53,69,94,212,5,35,2,1,49,40,32,0,10,18,12,6,1,1,0
24,Group K,17 June 2026,Uzbekistan,Colombia,True,1,3,3-4-3,33.9,1,1.11,8,2,334,267,80,70,6,64,11,20,264,36,32,40,112.0,4.5,37,11,17,9,4,14,1,8,4,4,0,2,26,34,3,8,6,1.6,17.99,120,264,53,151,58,40,22,57,32,39,49,34,56,42,37,45,41,25,39,37,22,23,5,78,25,4,49,15,1,29,10,289,93,103,136,50,173,116,42,6,28,2.89,15,31,41,1,2,3,0,0,0,0,0,0,2,1,0,0,11,0,0,3,14,0,3,24,40,71,127,223,11,28,2,2,50,39,50,0,8,7,12,12,1,1,0
24,Group K,17 June 2026,Colombia,Uzbekistan,False,3,1,4-1-2-3,66.1,3,1.16,15,4,534,469,88,72,3,110,18,23,160,32,31,60,108.7,4.7,44,19,15,13,5,8,1,6,4,4,0,3,29,18,3,14,6,1.35,12.6,66,158,31,91,55,40,20,56,30,43,45,34,56,38,37,49,38,27,38,35,23,19,3,50,57,3,32,37,0,18,20,461,158,194,225,42,207,254,30,5,22,5.97,17,32,44,2,2,4,0,0,0,0,0,0,4,0,0,0,14,0,0,0,14,0,4,26,83,109,236,347,32,47,4,3,72,107,24,6,6,30,11,4,0,0,1
25,Group A,18 June 2026,Czechia,South Africa,True,1,1,3-5-2,32.4,1,1.36,14,3,352,279,79,87,6,73,15,22,343,40,41,64,119.6,6.6,20,12,17,12,5,22,1,8,4,3,0,10,17,28,5,8,6,1.61,20.66,178,396,47,200,54,41,16,54,32,41,42,36,54,43,37,46,42,30,37,35,23,20,20,77,32,11,53,17,9,24,15,261,81,105,117,39,132,129,46,10,27,3.39,28,37,34,1,4,5,0,0,0,0,0,0,0,5,0,0,10,0,1,3,13,0,5,16,42,76,90,204,5,21,1,2,61,27,46,3,4,6,23,2,0,3,0
25,Group A,18 June 2026,South Africa,Czechia,False,1,1,4-3-3,67.7,1,1.34,17,4,584,518,89,114,8,126,16,20,233,41,44,66,112.0,5.9,47,17,16,16,4,8,1,6,7,3,0,7,13,10,5,22,17,1.45,12.29,93,209,44,117,57,43,18,53,34,43,42,33,59,41,38,48,39,28,36,33,26,16,13,88,55,6,53,31,7,35,24,472,161,214,188,70,246,226,37,13,36,5.27,17,39,34,0,0,0,1,1,2,0,3,3,0,0,0,0,11,0,0,2,13,1,5,15,100,108,234,353,26,35,5,2,121,67,31,8,8,13,28,6,1,2,0
26,Group B,18 June 2026,Switzerland,Bosnia and Herzegovina,True,4,1,4-3-3,57.8,4,1.85,13,7,601,531,88,115,18,166,24,24,234,40,46,70,114.9,5.8,39,19,20,21,3,9,1,7,10,4,1,7,21,10,6,16,11,1.55,12.87,103,211,35,128,54,39,19,51,30,46,43,30,61,39,36,50,39,29,37,34,24,15,10,94,52,6,51,25,4,43,27,464,152,214,171,79,271,193,34,6,31,6.62,15,33,47,5,0,5,1,1,2,0,0,0,5,0,0,0,17,1,0,1,18,1,7,21,118,136,228,369,23,43,2,5,118,56,38,8,7,20,35,13,1,0,0
26,Group B,18 June 2026,Bosnia and Herzegovina,Switzerland,False,1,4,4-4-2,42.2,1,0.3,5,3,359,289,81,69,6,61,14,24,339,48,42,62,113.1,5.6,32,14,15,11,6,16,2,6,7,5,0,5,14,29,4,9,7,1.42,18.4,154,342,54,200,53,36,20,54,33,40,42,33,59,42,36,48,40,27,38,35,22,17,7,74,33,6,46,20,1,28,13,205,84,72,79,54,96,109,46,9,22,3.27,25,37,21,2,1,3,0,0,0,0,0,0,1,1,0,0,7,0,0,3,10,0,3,8,27,58,70,145,4,10,1,1,41,22,22,0,2,6,27,6,2,1,0
27,Group B,18 June 2026,Canada,Qatar,True,6,0,4-4-2,65.8,6,3.9,33,11,575,535,93,131,23,416,61,16,107,27,31,89,111.2,5.7,39,12,23,53,0,9,1,12,8,3,0,6,18,1,4,22,15,1.36,8.44,50,94,27,55,50,37,22,50,28,50,40,21,71,38,32,51,34,24,41,37,24,24,0,9,142,0,2,42,0,7,100,502,184,413,71,18,192,310,26,4,16,12.23,11,28,53,7,4,11,2,5,7,1,0,1,7,4,0,0,10,1,1,1,11,0,19,23,221,142,158,305,56,44,4,8,150,24,5,2,1,3,7,0,0,1,0
27,Group B,18 June 2026,Qatar,Canada,False,0,6,4-3-3,34.2,0,0.2,2,0,166,107,64,23,3,11,2,7,274,43,23,34,90.8,3.7,22,11,8,1,13,22,1,6,0,0,1,0,6,56,5,9,7,1.39,21.02,121,207,42,176,49,33,14,51,31,40,42,38,46,36,32,46,37,21,37,28,13,15,2,45,16,2,34,12,0,11,4,94,26,16,58,20,30,64,38,4,29,0.92,35,30,20,1,0,1,0,0,0,0,0,0,1,0,0,0,9,0,1,1,10,0,1,9,5,22,22,60,2,1,0,2,9,10,10,2,0,14,5,4,0,0,1
28,Group A,18 June 2026,Mexico,Korea Republic,True,1,0,4-1-2-3,40.8,1,0.34,8,4,432,360,83,76,4,56,5,18,265,39,46,69,116.5,5.3,39,16,17,6,6,14,1,5,4,5,0,4,30,22,4,9,6,1.66,14.39,137,358,37,157,53,39,19,53,32,39,45,33,56,43,36,48,42,27,38,37,24,22,5,93,25,4,61,19,1,32,6,456,140,128,241,87,242,214,38,7,20,4.42,20,41,30,0,0,0,0,0,0,0,0,0,0,0,0,0,7,0,0,6,13,0,0,17,41,106,202,330,5,26,1,1,83,55,79,11,13,23,22,10,0,1,0
28,Group A,18 June 2026,Korea Republic,Mexico,False,0,1,3-4-3,59.1,0,0.87,9,2,593,510,86,75,9,84,8,16,217,37,48,62,112.1,5.3,48,15,13,9,5,9,0,5,11,5,0,6,29,8,2,14,9,1.46,17.59,115,270,33,108,54,38,21,56,32,43,47,35,54,44,35,49,42,25,39,39,22,22,5,78,41,5,49,24,0,29,17,381,161,111,198,72,210,171,44,8,28,6.66,11,44,39,2,0,2,0,0,0,0,0,0,0,2,0,0,9,0,0,3,12,0,2,25,40,64,205,278,12,19,2,3,60,86,34,0,9,19,28,5,0,1,0
29,Group C,19 June 2026,Brazil,Haiti,True,3,0,4-3-3,49.0,3,1.42,7,4,551,484,88,105,13,84,11,21,195,32,39,50,113.6,5.9,39,14,21,11,3,12,2,5,3,3,1,6,22,29,5,10,7,1.75,16.92,74,148,39,107,57,39,18,57,31,41,43,38,53,42,37,49,40,27,39,34,23,19,6,95,33,5,52,15,1,43,18,437,146,150,224,63,262,175,46,9,32,4.97,23,35,42,1,3,4,0,0,0,0,0,0,3,1,0,0,14,0,0,4,18,0,4,20,71,146,171,350,13,29,8,5,84,61,70,5,10,29,23,10,2,0,1
29,Group C,19 June 2026,Haiti,Brazil,False,0,3,5-4-1,51.0,0,0.26,7,3,402,338,84,84,10,88,13,29,294,58,34,63,112.8,6.1,42,12,17,14,5,10,2,7,6,6,1,7,32,15,4,12,8,1.58,18.9,160,368,45,174,56,37,20,58,32,42,47,33,56,42,35,50,43,25,40,39,23,21,4,89,31,2,49,22,2,40,9,402,135,158,200,44,219,183,39,5,37,3.81,22,36,39,3,0,3,1,0,1,0,0,0,3,0,0,0,13,0,0,8,21,0,4,14,65,86,178,283,17,33,4,5,75,49,48,2,9,24,12,3,0,1,1
30,Group C,19 June 2026,Scotland,Morocco,True,0,1,4-4-2,39.1,0,0.74,6,0,460,403,88,87,5,77,13,26,304,36,39,49,117.8,5.9,43,17,15,10,4,11,1,3,6,4,1,5,36,15,4,9,5,1.63,25.46,149,308,41,172,51,38,20,55,33,40,46,36,55,43,37,49,42,24,39,37,19,21,7,76,33,5,45,22,2,31,11,354,133,91,176,87,190,164,46,11,31,3.96,17,29,19,1,1,2,0,0,0,0,0,0,2,0,0,0,8,0,0,0,8,0,2,9,33,72,164,245,4,26,1,2,47,54,46,6,6,12,29,9,0,3,0
30,Group C,19 June 2026,Morocco,Scotland,False,1,0,4-2-3-1,60.9,1,0.8,12,2,676,612,91,83,8,99,13,32,260,56,40,61,115.4,6.4,48,17,12,10,3,9,2,4,7,4,1,7,28,12,4,11,9,1.62,17.19,120,234,45,147,57,39,19,57,32,40,41,38,52,40,38,46,41,27,37,38,21,18,3,75,50,1,45,28,2,30,22,460,209,138,243,79,260,200,45,4,27,8.09,21,32,35,0,3,3,2,0,2,0,0,0,0,3,0,0,10,0,0,1,11,0,5,19,76,78,203,312,17,29,1,4,72,104,27,3,10,23,16,3,1,1,1
31,Group D,19 June 2026,Türkiye,Paraguay,True,0,1,4-2-3-1,67.7,0,2.13,32,5,666,594,89,153,17,319,45,43,101,36,41,92,123.3,5.4,39,15,20,32,1,11,1,9,2,1,0,2,7,2,8,35,20,1.68,7.09,24,50,20,58,51,37,23,52,30,48,43,25,66,35,37,49,35,36,36,31,34,16,1,75,119,1,27,42,0,48,77,467,174,312,116,39,222,245,52,9,32,7.21,13,61,64,7,4,11,0,1,1,0,0,0,7,4,0,0,15,0,0,3,18,0,12,34,189,127,209,357,52,44,5,14,149,54,9,2,2,10,11,5,0,0,0
31,Group D,19 June 2026,Paraguay,Türkiye,False,1,0,4-2-3-1,32.3,1,0.36,7,2,171,92,54,45,3,40,9,17,367,69,50,61,117.0,6.3,11,4,7,9,16,35,3,11,1,1,1,1,12,46,6,11,8,1.57,18.41,166,324,40,251,36,30,27,48,35,38,36,39,51,36,38,51,37,24,37,32,18,15,8,47,35,4,35,32,4,12,3,97,24,47,35,15,39,58,53,9,44,0.97,33,62,34,0,0,0,0,0,0,0,0,0,0,0,0,0,14,0,0,2,16,0,0,18,20,14,10,74,6,8,0,3,21,5,13,1,3,7,2,3,0,2,0
32,Group D,19 June 2026,USA,Australia,True,2,0,3-5-2,56.0,2,1.58,10,2,531,465,88,95,17,126,15,33,167,50,39,65,111.1,5.5,41,15,15,16,4,12,1,7,6,5,1,5,6,16,6,29,19,1.34,10.52,77,172,22,102,55,38,20,55,30,45,42,33,58,39,36,52,37,29,38,30,22,15,6,79,51,3,42,28,3,37,23,347,127,160,149,38,180,167,51,5,37,4.17,25,61,41,3,2,5,1,1,2,0,0,0,3,2,0,0,16,0,0,0,16,0,7,18,67,76,154,264,35,25,2,3,75,58,29,2,3,13,11,4,2,2,0
32,Group D,19 June 2026,Australia,USA,False,0,2,5-4-1,44.0,0,0.31,5,2,308,238,77,71,11,89,20,31,262,40,40,70,112.8,6.2,15,12,16,18,5,29,2,11,6,3,1,3,24,28,5,12,10,1.56,15.89,132,249,32,152,45,36,15,52,32,42,41,32,60,40,36,48,40,22,38,37,19,20,13,66,37,7,37,26,6,29,11,158,56,78,54,26,90,68,49,10,38,2.48,21,59,39,2,2,4,0,0,0,0,0,0,1,1,0,2,12,0,0,1,13,0,4,22,39,40,47,125,3,16,3,3,43,14,12,3,3,8,15,1,0,1,0
33,Group E,20 June 2026,Germany,Côte d'Ivoire,True,2,1,4-2-3-1,49.5,2,2.47,16,7,634,578,91,133,13,215,20,28,293,59,47,69,125.8,7.6,32,17,23,23,1,11,1,5,9,5,1,6,18,15,9,16,11,1.7,13.7,106,233,46,158,49,38,20,48,29,46,41,28,62,40,37,48,42,25,36,37,21,19,6,103,50,4,48,27,2,55,23,328,149,177,127,24,186,142,54,12,49,4.45,23,34,34,4,0,4,2,2,4,0,0,0,4,0,0,0,7,0,0,1,8,0,8,18,103,105,144,252,23,35,4,4,79,46,35,1,3,11,10,1,0,0,0
33,Group E,20 June 2026,Côte d'Ivoire,Germany,False,1,2,4-1-2-3,50.5,1,1.27,9,2,449,387,86,92,9,92,12,50,316,57,43,60,113.1,5.3,34,17,12,15,5,16,3,4,2,4,1,4,21,33,5,11,9,1.46,19.38,165,276,53,161,52,38,18,58,32,42,45,38,52,38,37,50,38,25,36,33,21,17,8,91,31,3,51,13,5,40,18,263,96,109,117,37,118,145,57,8,41,3.28,32,33,32,1,2,3,0,0,0,0,0,0,3,0,0,0,5,0,0,0,5,0,3,24,71,46,102,192,17,14,3,7,48,35,21,6,6,16,9,5,2,1,2
34,Group E,20 June 2026,Ecuador,Curaçao,True,0,0,3-5-2,65.8,0,2.76,27,15,663,601,91,125,19,238,33,41,155,49,43,92,103.7,5.4,41,15,19,24,1,10,1,4,4,6,0,5,3,3,7,28,18,1.71,8.17,52,143,22,69,51,39,20,55,31,45,46,32,59,40,40,51,40,32,41,35,25,13,9,80,73,7,36,44,2,44,29,474,186,263,191,20,278,196,61,11,36,6.72,10,56,39,3,5,8,1,0,1,0,0,0,8,0,0,0,10,0,0,2,12,0,9,18,147,129,217,365,43,70,7,12,94,78,29,3,3,15,9,2,0,0,0
34,Group E,20 June 2026,Curaçao,Ecuador,False,0,0,5-3-2,34.2,0,0.63,10,3,237,167,70,59,1,50,1,31,345,50,35,60,106.1,5.2,17,8,11,9,11,28,5,7,1,4,0,1,20,45,4,10,7,1.55,20.39,154,347,52,209,42,38,14,49,34,36,36,36,54,37,39,50,42,23,37,38,26,18,8,72,28,5,58,23,3,14,5,153,52,61,67,25,77,76,56,13,28,1.76,25,56,23,0,0,0,0,0,0,0,0,0,0,0,0,0,7,0,0,1,8,0,0,15,31,37,26,118,4,15,0,4,32,7,28,5,2,8,4,6,0,2,1
35,Group F,20 June 2026,Netherlands,Sweden,True,5,1,4-3-3,48.2,5,2.25,10,7,447,398,89,96,14,97,19,25,232,38,47,54,108.4,5.5,39,15,18,14,3,9,1,5,7,3,1,7,19,16,7,14,8,1.52,14.95,105,228,38,121,52,39,20,53,31,44,44,31,58,40,38,47,39,25,37,33,22,17,8,80,36,7,47,16,1,33,20,314,104,175,100,39,185,129,41,9,29,4.26,19,49,30,2,0,2,0,0,0,0,0,0,1,1,0,0,12,0,0,3,15,0,2,13,89,101,132,259,13,28,4,3,108,30,24,1,4,11,23,8,1,1,0
35,Group F,20 June 2026,Sweden,Netherlands,False,1,5,3-5-2,51.8,1,1.3,16,8,438,377,86,100,12,118,23,20,228,38,37,53,110.1,5.7,34,10,23,17,4,14,1,7,3,3,0,6,29,24,4,9,8,1.72,19.18,107,183,42,123,56,41,17,56,30,42,40,34,57,40,38,47,38,25,37,35,22,20,11,83,50,7,59,30,4,24,20,333,106,141,129,63,211,122,50,7,24,5.23,16,49,39,1,3,4,0,1,1,0,0,0,2,2,0,0,9,1,0,3,12,0,5,22,74,110,124,262,7,30,0,3,78,27,58,8,5,7,30,7,1,0,1
36,Group F,20 June 2026,Tunisia,Japan,True,0,4,5-3-2,36.4,0,0.02,2,0,376,305,81,58,6,55,9,13,233,35,34,45,112.4,5.5,41,11,13,8,6,14,1,10,2,3,1,4,34,29,4,9,6,1.38,22.13,130,308,36,146,59,38,21,59,31,43,48,33,58,44,35,48,45,22,38,41,19,23,2,69,33,1,50,24,1,19,9,320,95,103,174,43,191,129,37,6,32,3.25,21,40,48,0,2,2,0,1,1,0,0,0,0,2,0,0,15,0,0,1,16,0,3,29,34,72,123,243,11,28,2,4,40,47,39,7,8,30,15,7,1,2,2
36,Group F,20 June 2026,Japan,Tunisia,False,4,0,3-4-3,63.6,4,1.36,10,4,593,535,90,85,10,119,12,17,219,50,35,52,112.2,5.3,53,10,16,11,1,9,1,4,4,5,1,3,25,22,6,14,10,1.56,13.74,98,210,23,132,58,37,20,60,29,44,48,34,55,46,34,49,45,25,38,40,20,22,2,58,53,2,34,22,0,24,31,510,188,213,248,49,287,223,42,9,28,6.58,17,41,37,1,3,4,0,1,1,0,0,0,1,3,0,0,8,0,0,1,9,0,5,23,84,133,238,366,24,58,7,8,85,96,34,1,5,27,13,4,0,1,3
37,Group H,21 June 2026,Uruguay,Cabo Verde,True,2,2,4-1-2-3,54.9,2,2.23,17,2,517,444,86,92,16,183,27,31,198,43,41,78,112.8,6.7,44,13,16,23,2,12,2,8,8,6,0,7,13,9,4,24,17,1.62,10.66,76,173,34,103,52,41,21,54,31,48,44,32,59,40,39,47,41,31,35,36,31,17,7,54,75,4,29,35,3,25,40,381,109,272,85,24,214,167,39,9,27,5.29,16,64,45,6,4,10,1,0,1,0,0,0,7,3,0,0,4,0,1,0,4,0,11,30,128,103,196,293,42,38,7,4,144,33,11,1,0,4,8,1,0,0,0
37,Group H,21 June 2026,Cabo Verde,Uruguay,False,2,2,4-1-2-3,45.1,2,0.54,12,4,293,218,74,62,2,47,8,29,233,39,46,61,107.4,4.7,19,11,20,8,8,24,2,8,2,1,1,2,15,48,3,12,7,1.55,14.43,95,195,30,162,53,43,19,51,36,38,43,40,50,37,39,47,37,25,35,35,21,18,7,92,13,5,63,11,2,29,2,255,86,83,108,64,141,114,55,9,33,2.18,22,64,36,1,3,4,0,0,0,0,0,0,0,3,1,0,10,2,0,3,13,0,4,19,29,61,61,173,7,16,4,2,45,28,24,5,7,6,16,9,3,1,0
38,Group H,21 June 2026,Spain,Saudi Arabia,True,4,0,4-1-2-3,63.2,4,3.2,22,8,743,688,93,159,18,259,28,25,214,30,44,87,115.5,5.9,36,19,21,27,1,11,1,3,8,4,0,9,15,12,5,18,12,1.49,9.49,125,249,30,127,53,39,20,55,30,44,44,29,62,38,36,51,37,24,36,36,23,19,6,82,102,3,36,35,3,46,67,545,199,295,187,63,327,218,42,8,25,8.81,26,24,27,2,0,2,2,1,3,1,0,1,2,0,0,1,2,0,0,3,5,0,6,16,177,163,219,415,43,41,4,5,168,55,46,5,6,16,18,7,0,1,0
38,Group H,21 June 2026,Saudi Arabia,Spain,False,0,4,5-4-1,36.9,0,0.11,3,2,389,309,79,77,7,63,4,19,413,34,42,54,115.0,6.7,26,13,18,11,6,18,2,7,3,3,0,4,25,35,5,11,7,1.38,20.44,195,430,64,266,54,38,16,54,32,42,47,36,52,40,35,50,40,24,39,33,18,17,5,82,30,4,58,21,1,24,9,243,81,88,114,41,144,99,37,6,37,2.87,29,24,28,0,0,0,1,0,1,0,0,0,0,0,0,0,10,0,0,2,12,0,1,15,30,70,89,201,7,10,1,2,54,38,42,3,8,7,18,7,0,4,0
39,Group G,21 June 2026,Belgium,IR Iran,True,0,0,4-2-3-1,59.2,0,1.48,23,7,637,562,88,120,11,267,35,33,121,13,45,90,111.7,5.2,42,17,18,27,3,9,0,5,4,1,0,9,24,8,4,17,10,1.57,10.46,45,97,18,74,49,42,18,52,31,46,41,30,61,39,39,50,38,24,38,33,18,19,6,67,90,4,36,43,2,31,47,512,188,335,133,44,299,213,46,12,11,10.12,12,46,44,2,2,4,0,0,0,0,0,0,2,1,0,1,9,0,0,4,13,0,4,27,198,153,238,413,54,82,8,3,153,62,18,3,2,5,20,3,0,0,0
39,Group G,21 June 2026,IR Iran,Belgium,False,0,0,5-2-3,40.8,0,0.48,7,3,275,201,73,40,3,46,11,9,343,49,43,59,112.6,5.2,37,8,12,8,8,17,1,5,3,2,1,1,11,46,4,9,7,1.51,18.47,141,282,52,202,50,41,15,59,31,40,43,37,54,40,39,45,40,27,36,35,22,18,7,54,31,4,47,20,3,7,11,170,51,62,83,25,85,85,55,11,42,1.63,34,48,20,2,0,2,0,0,0,0,0,0,2,0,0,0,7,0,0,3,10,0,2,8,28,33,69,123,6,4,0,1,46,22,14,4,4,13,7,2,0,0,0
40,Group G,21 June 2026,New Zealand,Egypt,True,1,3,4-4-2,39.4,1,0.71,11,5,437,355,81,85,4,80,13,23,289,47,39,76,118.5,6.8,30,12,14,11,6,19,1,7,2,4,1,1,21,31,5,10,6,1.78,16.03,115,207,33,200,49,39,19,56,34,38,43,35,59,40,36,46,41,27,36,34,23,17,16,93,24,11,65,17,5,28,7,353,143,118,183,52,186,167,47,8,27,4.04,20,41,33,2,2,4,0,0,0,0,0,0,4,0,0,0,8,0,0,0,8,0,4,21,37,82,129,269,2,25,5,4,63,52,59,3,11,21,10,11,2,1,0
40,Group G,21 June 2026,Egypt,New Zealand,False,3,1,4-2-3-1,60.6,3,2.1,19,7,544,486,89,110,9,167,20,17,249,45,51,72,118.3,7.1,39,12,21,23,3,10,2,6,5,5,0,5,22,11,4,19,12,1.6,12.91,126,270,49,133,54,38,23,56,32,42,44,33,58,40,36,48,40,26,38,33,24,16,6,90,54,4,43,29,2,47,25,423,191,199,175,49,187,236,53,2,32,4.69,28,41,43,1,0,1,0,2,2,0,0,0,0,1,0,0,14,0,0,3,17,0,3,23,107,94,147,280,27,37,9,9,83,67,19,2,4,9,14,0,0,0,0
41,Group I,22 June 2026,Norway,Senegal,True,3,2,4-1-2-3,40.1,3,1.5,13,7,361,295,82,68,5,87,11,19,224,33,32,55,120.3,6.5,29,14,13,11,8,13,4,6,4,3,0,4,20,32,7,8,6,1.35,16.83,102,224,42,132,52,35,23,52,32,41,39,34,57,38,34,50,37,23,39,34,21,16,6,71,26,5,45,17,1,26,9,306,109,97,156,53,160,146,42,9,26,3.5,15,50,30,3,2,5,0,0,0,0,0,0,4,1,0,0,5,0,0,4,9,0,5,16,41,51,96,211,8,21,4,3,42,45,27,7,9,18,17,9,1,0,0
41,Group I,22 June 2026,Senegal,Norway,False,2,3,4-3-3,59.8,2,2.05,16,4,504,447,89,99,12,181,23,27,233,41,36,74,111.2,6.1,38,14,21,29,4,8,1,5,8,6,1,7,17,8,7,13,10,1.75,17.16,112,239,40,126,56,36,20,56,29,45,46,33,58,40,35,47,39,26,38,35,23,18,6,69,54,3,35,22,3,34,32,352,138,188,122,42,196,156,41,5,29,5.66,17,51,37,2,2,4,0,0,0,0,0,0,2,2,0,0,13,0,0,0,13,0,4,20,117,109,148,269,38,28,5,2,94,41,17,3,9,14,11,7,0,0,0
42,Group I,22 June 2026,France,Iraq,True,3,0,4-2-3-1,49.0,3,2.3,19,5,604,553,92,117,21,246,19,38,257,35,42,79,107.7,4.7,39,17,19,29,1,10,1,4,8,4,0,16,28,7,2,13,11,1.59,17.49,102,265,63,134,55,39,20,56,30,47,48,29,62,39,34,51,38,27,38,35,26,18,5,48,92,2,23,38,3,25,54,362,144,206,135,21,194,168,43,12,31,6.84,21,25,25,0,0,0,3,1,4,0,0,0,0,0,0,0,4,0,0,0,4,0,4,17,101,97,149,271,41,41,0,4,92,55,18,6,1,2,10,1,0,0,0
42,Group I,22 June 2026,Iraq,France,False,0,3,4-2-3-1,51.0,0,0.7,4,0,502,431,86,89,6,50,10,26,304,43,37,55,112.1,4.5,44,15,14,7,5,13,0,4,1,1,1,2,22,46,5,10,7,1.9,20.34,117,236,46,207,54,39,15,56,34,35,46,40,48,42,37,47,40,25,36,35,17,17,6,99,31,4,70,22,2,29,9,482,147,114,236,132,298,184,42,10,38,3.7,25,22,26,0,2,2,0,0,0,0,0,0,1,1,0,0,8,0,0,1,9,0,2,15,44,94,241,370,4,22,1,4,69,54,52,9,10,59,49,34,1,1,1
43,Group J,22 June 2026,Argentina,Austria,True,2,0,4-1-3-2,48.2,2,2.45,12,5,564,509,90,87,6,103,6,14,229,35,41,53,104.4,4.5,45,17,11,12,2,15,1,4,4,3,1,3,22,31,2,13,9,1.58,19.9,108,206,31,141,58,38,21,56,32,43,45,34,54,38,37,45,37,30,36,34,25,18,3,71,36,1,37,18,2,34,18,336,160,137,154,45,176,160,45,3,27,5.2,22,40,26,1,0,1,0,0,0,0,0,0,0,1,0,0,12,0,1,0,12,1,1,12,66,75,144,246,18,27,3,2,65,65,27,4,4,7,17,6,0,1,0
43,Group J,22 June 2026,Austria,Argentina,False,0,2,4-2-3-1,51.9,0,0.63,6,1,475,416,88,91,13,146,18,18,299,48,31,65,107.8,4.9,46,12,17,16,2,13,1,7,6,5,0,4,29,24,4,15,10,1.41,22.73,144,288,53,189,52,38,22,50,31,45,39,33,59,37,35,48,36,24,39,37,20,20,5,81,38,3,46,20,2,35,18,311,106,157,108,46,167,144,29,3,34,4.83,27,40,38,3,0,3,0,0,0,0,0,0,3,0,0,0,13,1,0,2,15,0,3,20,74,73,136,238,16,40,0,5,72,36,36,2,5,6,14,6,0,0,0
44,Group J,22 June 2026,Jordan,Algeria,True,1,2,3-4-3,27.7,1,0.38,8,4,270,201,74,71,12,49,7,29,355,76,47,67,117.5,5.9,18,8,18,7,9,28,5,8,2,4,1,3,21,34,3,13,10,1.68,17.74,159,352,54,222,50,41,15,54,35,39,42,42,50,37,37,48,38,26,37,36,23,20,21,75,23,13,51,17,8,24,6,196,78,78,92,26,98,98,59,9,58,1.76,25,49,35,0,0,0,1,0,1,0,0,0,0,0,0,0,6,0,0,0,6,0,1,28,27,41,44,141,4,20,3,3,36,19,26,1,6,14,4,3,1,1,0
44,Group J,22 June 2026,Algeria,Jordan,False,2,1,4-2-1-3,72.3,2,2.05,17,8,661,590,89,99,19,182,20,39,199,48,55,85,116.3,6.6,42,16,18,16,2,13,0,6,7,2,0,3,8,5,7,28,21,1.65,9.12,69,165,20,117,49,39,20,54,31,45,46,34,59,42,40,46,40,29,35,34,29,17,5,64,72,4,36,41,1,28,31,468,157,252,189,27,284,184,49,8,36,6.09,13,48,45,1,7,8,2,0,2,0,0,0,8,0,0,0,11,0,0,1,12,0,10,23,94,138,229,393,29,64,6,8,118,81,40,5,2,22,15,1,1,1,0
45,Group L,23 June 2026,England,Ghana,True,0,0,4-2-3-1,72.4,0,1.78,19,3,652,605,93,106,16,218,32,31,105,39,25,65,108.3,5.1,50,17,19,23,1,5,0,7,9,2,1,6,16,6,8,24,15,1.67,7.92,25,68,21,59,54,36,21,58,27,49,48,26,65,41,34,52,40,25,39,36,18,18,2,68,70,1,40,27,1,28,43,489,201,278,184,27,246,243,33,6,19,14.72,6,36,57,5,4,9,0,0,0,0,0,0,5,4,0,0,24,0,0,2,26,0,9,22,134,125,242,365,65,51,5,8,103,84,21,4,2,12,5,4,0,1,0
45,Group L,23 June 2026,Ghana,England,False,0,0,4-4-2,27.6,0,0.34,2,0,179,128,72,36,6,24,5,11,298,50,31,32,105.9,4.3,19,12,11,7,15,24,6,10,2,4,1,2,24,48,2,5,4,1.75,22.47,166,270,48,175,53,38,16,57,33,40,44,33,58,39,36,48,39,24,36,36,19,18,1,44,22,0,29,17,1,15,5,94,25,31,42,21,53,41,32,4,43,1.29,18,37,27,2,0,2,0,0,0,0,0,0,2,0,0,0,14,0,0,2,16,0,2,9,7,17,32,69,3,2,1,0,22,8,7,0,2,15,5,1,0,2,1
46,Group L,23 June 2026,Panama,Croatia,True,0,1,3-4-3,37.2,0,0.69,8,1,356,282,79,80,10,97,27,24,269,58,44,81,108.2,5.8,27,10,18,17,5,19,2,8,4,3,0,3,21,38,4,13,8,1.68,16.89,102,211,33,177,55,40,18,56,31,44,45,35,59,43,34,52,42,20,40,38,17,24,5,80,38,2,54,24,3,26,14,274,101,114,114,46,120,154,50,10,34,3.75,13,56,35,2,1,3,2,2,4,0,0,0,1,2,0,0,12,0,1,2,14,0,7,14,44,69,77,181,5,27,6,3,56,27,17,3,1,12,15,8,0,1,0
46,Group L,23 June 2026,Croatia,Panama,False,1,0,4-2-3-1,62.9,1,0.82,6,2,518,445,86,75,16,96,18,19,236,51,47,65,110.0,6.9,46,13,16,11,3,13,1,5,5,5,0,4,13,20,9,19,13,1.48,13.19,102,209,39,133,52,38,19,56,30,45,47,34,56,41,37,47,41,27,36,36,22,17,1,52,62,1,35,24,0,17,38,341,122,167,147,27,197,144,41,9,39,3.77,19,53,36,2,0,2,0,0,0,0,0,0,1,1,0,0,19,0,1,1,20,0,2,14,61,90,161,273,18,25,1,1,109,55,15,5,1,25,15,2,0,0,1
47,Group K,23 June 2026,Portugal,Uzbekistan,True,5,0,4-2-3-1,56.1,5,2.03,17,9,639,577,90,135,19,179,24,43,197,43,37,67,110.2,6.0,33,21,20,19,1,11,2,6,4,6,1,10,19,11,5,20,14,1.65,11.65,70,166,31,107,55,42,19,56,32,43,45,33,58,42,36,50,42,29,38,35,29,19,5,92,70,4,41,33,1,51,37,438,177,229,165,44,262,176,45,13,36,6.34,15,25,40,0,1,1,2,0,2,0,0,0,0,0,0,0,15,1,0,2,17,0,3,20,114,125,185,342,27,59,9,3,102,55,37,2,9,18,12,9,0,0,0
47,Group K,23 June 2026,Uzbekistan,Portugal,False,0,5,3-4-3,43.8,0,0.44,7,2,347,278,80,63,3,63,8,21,338,44,49,61,109.6,6.5,27,11,18,9,6,20,2,8,3,5,0,5,24,31,5,11,7,1.7,18.43,145,306,58,198,56,39,18,56,31,39,44,36,54,41,35,50,41,25,39,36,22,20,8,70,26,7,51,18,1,19,8,282,94,82,151,49,149,133,42,10,38,2.39,34,26,34,1,0,1,0,1,1,0,0,0,1,0,0,0,14,0,0,2,16,0,2,16,35,68,108,231,4,16,1,3,47,55,51,4,10,7,19,10,0,4,0
48,Group K,23 June 2026,Colombia,Congo DR,True,1,0,4-1-2-3,58.5,1,1.54,20,9,548,475,87,94,10,146,14,14,155,31,40,64,104.0,5.0,45,17,15,18,3,9,1,5,5,3,0,10,21,7,3,14,10,1.52,11.25,82,172,25,72,53,39,20,56,32,41,44,37,52,37,37,47,37,29,36,35,29,17,8,74,38,6,34,17,2,40,21,453,161,228,189,36,196,257,53,12,19,6.15,22,44,34,2,3,5,0,0,0,0,0,0,4,1,0,0,16,0,1,0,16,0,5,13,118,90,247,356,35,45,2,6,106,89,17,4,12,21,14,3,2,0,0
48,Group K,23 June 2026,Congo DR,Colombia,False,0,1,5-3-2,41.5,0,0.42,7,1,315,236,75,51,6,56,13,10,300,47,40,59,106.0,5.1,29,10,14,11,7,14,2,10,3,4,0,3,26,30,5,9,6,1.59,18.82,124,265,35,195,54,40,19,55,34,38,44,37,55,43,37,48,42,27,39,36,26,21,12,74,13,9,55,11,3,19,2,268,87,77,143,48,152,116,48,14,17,3.35,16,43,43,2,2,4,0,0,0,0,0,0,2,2,0,0,12,0,0,7,19,0,4,20,45,68,93,190,6,16,2,5,37,23,40,3,9,25,17,6,0,1,0
49,Group C,24 June 2026,Scotland,Brazil,True,0,3,4-2-3-1,43.0,0,0.69,14,5,520,466,90,99,7,96,24,15,241,34,33,49,113.2,4.4,47,15,15,12,3,6,0,5,2,2,0,5,31,29,4,9,6,1.6,23.3,82,202,35,127,50,38,17,52,33,42,46,32,60,42,37,51,41,22,36,38,18,21,6,92,39,3,52,21,3,40,18,357,163,112,182,63,201,156,37,9,23,5.07,19,33,34,6,1,7,0,0,0,0,0,0,7,0,0,0,10,1,0,1,11,0,7,16,37,64,199,262,7,22,5,3,51,73,39,3,8,9,28,12,0,2,0
49,Group C,24 June 2026,Brazil,Scotland,False,3,0,4-3-3,57.1,3,3.78,21,9,615,571,93,108,9,139,13,20,227,24,28,53,110.7,4.2,49,13,18,14,1,9,2,4,5,2,1,8,28,25,2,6,4,1.59,19.24,120,215,38,136,56,40,17,57,30,45,49,31,56,40,36,50,38,29,37,36,24,20,7,66,66,6,32,28,1,34,38,383,166,149,190,44,222,161,41,7,23,6.63,16,37,26,4,1,5,0,0,0,0,1,1,4,0,1,0,10,0,0,0,10,0,6,10,78,108,187,299,31,27,2,5,68,74,46,2,6,11,12,11,1,3,0
50,Group C,24 June 2026,Morocco,Haiti,True,4,2,4-2-3-1,60.1,4,2.12,22,11,557,495,89,124,19,157,31,39,172,57,38,64,111.2,6.8,35,16,21,20,1,11,2,9,10,6,0,3,22,5,5,23,15,1.63,11.41,65,129,29,96,56,38,20,56,31,40,39,37,56,40,36,47,42,25,38,46,21,18,3,106,42,2,44,20,1,62,22,516,193,245,210,61,269,247,41,9,44,5.91,7,43,52,1,3,4,1,3,4,1,0,1,1,3,0,0,18,1,0,0,18,0,9,25,129,144,194,399,29,49,6,7,122,67,37,11,14,16,30,7,1,3,0
50,Group C,24 June 2026,Haiti,Morocco,False,2,4,4-4-2,39.9,2,0.65,9,2,265,212,80,49,3,40,3,32,331,50,50,59,107.5,5.9,29,11,14,7,8,23,2,7,6,5,1,3,33,20,4,11,7,1.46,15.41,146,301,44,216,56,37,23,58,33,39,44,34,56,42,37,49,40,25,37,33,28,14,3,64,17,2,44,14,1,20,3,165,51,56,94,15,81,84,44,9,44,1.88,29,43,31,0,1,1,0,0,0,0,0,0,0,1,0,0,10,1,1,5,15,0,1,15,19,28,57,116,2,11,0,0,29,25,24,3,9,6,5,1,0,1,0
51,Group B,24 June 2026,Switzerland,Canada,True,2,1,4-4-2,48.8,2,1.68,6,4,471,389,83,95,6,55,8,16,216,50,49,53,109.9,5.2,36,14,19,6,4,17,1,7,3,3,1,3,19,20,5,16,11,1.59,9.99,94,179,27,136,57,37,19,51,32,41,42,37,54,40,37,48,41,26,35,34,22,17,12,107,24,6,60,21,6,47,3,274,101,68,151,55,156,118,40,7,26,4.28,13,44,42,2,0,2,0,0,0,0,0,0,2,0,0,0,12,0,1,3,15,0,2,25,22,85,124,210,2,11,0,4,47,33,50,6,9,21,22,5,0,0,0
51,Group B,24 June 2026,Canada,Switzerland,False,1,2,4-4-2,51.2,1,1.61,13,7,353,275,78,87,7,103,26,21,299,44,50,64,114.6,7.1,26,12,22,15,4,16,1,13,10,5,0,14,27,5,4,17,11,1.38,14.55,141,260,54,177,51,39,19,51,31,44,41,30,61,39,32,49,37,25,42,31,23,19,3,79,43,2,51,27,1,28,16,248,83,119,102,27,145,103,49,11,21,4.32,16,46,54,3,2,5,2,0,2,0,0,0,3,2,0,0,19,0,0,1,20,0,7,27,45,82,87,193,5,21,3,0,77,28,26,1,4,10,11,7,0,0,0
52,Group B,24 June 2026,Bosnia and Herzegovina,Qatar,True,3,1,4-4-2,48.7,3,0.77,14,5,521,461,88,99,8,92,25,29,248,41,43,59,113.8,5.5,43,14,20,12,3,10,0,5,7,6,0,4,17,24,4,10,9,1.46,14.56,126,251,43,135,56,37,22,55,31,43,46,35,56,40,36,49,40,27,37,38,25,18,6,81,41,1,48,23,5,33,18,369,125,142,187,40,202,167,39,8,24,6.21,13,26,34,1,3,4,1,0,1,0,0,0,4,0,0,0,14,0,0,3,17,0,5,12,59,118,171,284,14,29,3,1,78,68,37,7,2,23,16,4,0,1,1
52,Group B,24 June 2026,Qatar,Bosnia and Herzegovina,False,1,3,4-1-2-3,51.3,1,1.17,9,3,457,388,85,90,14,94,18,13,264,37,42,55,110.0,5.4,33,16,18,16,5,10,2,8,5,4,0,8,29,19,4,10,8,1.57,21.05,112,270,36,171,55,40,17,56,31,42,44,34,59,41,37,47,39,27,39,35,22,19,9,100,32,5,70,18,4,30,14,333,140,118,162,53,201,132,39,12,27,3.95,24,25,33,2,1,3,0,0,0,2,0,2,2,1,0,1,9,0,0,1,10,0,5,18,59,79,142,256,10,22,2,6,61,48,49,2,6,17,26,6,1,0,0
53,Group A,24 June 2026,Czechia,Mexico,True,0,3,5-2-3,44.7,0,0.44,13,1,423,352,83,82,6,80,20,18,213,27,38,66,111.6,5.3,49,10,19,13,5,9,0,8,7,4,0,4,24,19,5,12,7,1.59,17.59,86,215,24,129,51,51,17,54,33,40,44,30,62,43,39,47,41,26,36,36,22,16,7,69,46,4,41,30,3,28,16,282,93,82,148,52,144,138,30,5,22,5.51,13,30,38,2,3,5,0,0,0,0,0,0,1,4,0,0,13,0,0,0,13,0,5,20,28,73,127,211,9,11,1,1,48,37,34,5,12,22,19,11,1,0,0
53,Group A,24 June 2026,Mexico,Czechia,False,3,0,4-1-2-3,55.3,3,2.1,11,5,394,340,86,71,5,109,14,14,233,23,35,51,114.7,5.5,34,16,14,15,5,12,1,8,7,2,0,5,25,15,4,9,8,1.54,15.17,130,287,50,134,51,40,20,52,32,40,43,34,57,41,37,48,39,29,36,34,28,14,3,71,28,2,47,17,1,24,11,444,137,178,192,74,244,200,35,4,23,3.61,19,30,31,1,0,1,0,0,0,0,0,0,0,1,0,0,9,0,0,1,10,0,1,20,93,99,197,335,15,47,3,4,76,52,56,10,8,20,24,15,3,2,0
54,Group A,24 June 2026,South Africa,Korea Republic,True,1,0,4-2-3-1,30.3,1,0.89,13,4,345,279,81,69,2,53,7,21,321,37,40,68,111.8,5.4,33,12,12,9,8,15,2,5,2,2,1,6,30,33,2,10,6,1.59,24.27,145,297,55,209,53,40,16,53,33,42,41,38,51,38,37,48,39,27,37,35,21,18,8,76,28,7,55,17,1,21,11,189,69,70,87,32,100,89,40,6,26,3.1,29,51,21,1,3,4,0,0,0,0,0,0,2,2,0,0,9,0,0,0,9,0,4,8,27,45,74,150,4,17,2,2,37,21,22,0,3,19,18,5,0,0,0
54,Group A,24 June 2026,Korea Republic,South Africa,False,0,1,3-4-3,69.8,0,0.74,8,3,718,657,92,114,20,187,39,15,199,27,28,63,111.0,5.4,48,16,18,18,1,10,1,5,6,4,0,8,16,13,5,15,9,1.58,14.27,75,172,35,112,59,40,20,57,30,46,46,31,60,43,36,50,42,26,38,36,22,21,4,69,70,2,26,32,2,43,38,434,167,226,160,48,256,178,45,7,23,7.44,14,52,40,2,4,6,0,0,0,0,0,0,4,1,0,1,7,0,0,3,10,0,6,24,99,100,209,323,40,49,4,5,86,62,31,4,7,6,22,5,0,2,0
55,Group E,25 June 2026,Curaçao,Côte d'Ivoire,True,0,2,5-4-1,37.9,0,0.66,11,2,369,312,85,78,9,69,15,27,299,62,43,57,106.2,5.5,32,11,19,14,3,13,1,5,5,5,1,5,26,28,1,10,7,1.73,18.12,133,298,50,175,51,39,21,53,34,40,41,38,54,42,39,48,43,25,36,38,27,20,7,72,29,5,41,21,2,31,8,227,76,91,109,27,128,99,33,8,41,3.38,27,29,30,4,0,4,0,0,0,0,0,0,3,0,1,0,6,0,0,1,7,0,4,19,46,72,87,175,7,20,1,3,42,29,37,6,2,12,12,4,0,0,0
55,Group E,25 June 2026,Côte d'Ivoire,Curaçao,False,2,0,4-1-2-3,62.1,2,0.93,7,3,644,574,89,116,9,131,18,26,201,43,44,65,106.4,5.3,39,15,18,15,2,10,1,6,4,5,1,4,25,16,4,13,13,1.96,16.68,72,150,33,103,55,40,19,59,33,41,44,38,54,39,38,47,38,28,35,33,27,15,7,93,61,4,55,36,3,38,25,250,84,117,104,29,148,102,46,10,35,5.84,20,33,39,3,1,4,1,0,1,0,1,1,4,0,0,0,11,0,0,2,13,0,6,20,57,71,93,202,8,14,2,5,71,42,24,2,8,9,8,6,0,3,0
56,Group E,25 June 2026,Ecuador,Germany,True,2,1,4-4-2,39.2,2,1.29,7,3,389,325,84,61,7,93,14,24,299,58,49,66,109.8,6.1,37,13,10,12,6,20,3,5,5,4,1,4,19,28,4,14,11,1.44,18.12,153,346,45,171,54,40,19,55,29,48,46,35,57,43,37,47,40,27,37,35,20,18,4,64,36,3,47,22,1,17,14,252,103,117,100,35,130,122,51,13,47,2.85,21,46,31,1,2,3,0,0,0,0,0,0,3,0,0,0,10,0,0,0,10,0,3,18,40,32,87,159,23,17,3,4,48,30,10,1,5,4,9,2,1,1,1
56,Group E,25 June 2026,Germany,Ecuador,False,1,2,4-2-3-1,60.8,1,0.74,11,3,612,537,88,114,4,146,16,25,231,41,51,85,114.5,6.3,39,15,17,14,3,14,1,5,4,3,0,5,11,33,6,20,13,1.72,15.87,98,195,38,135,52,38,21,50,30,47,42,28,62,42,35,49,42,28,39,40,18,20,7,98,48,3,54,30,4,44,18,340,123,141,156,43,189,151,53,6,32,5.4,28,46,38,1,1,2,0,0,0,0,0,0,2,0,0,0,15,0,0,0,15,0,2,21,63,88,152,263,23,31,4,3,60,56,43,9,7,8,11,8,0,0,0
57,Group F,25 June 2026,Japan,Sweden,True,1,1,3-4-3,44.7,1,1.22,8,3,454,381,84,79,7,95,14,16,221,47,42,62,110.2,5.3,40,9,16,13,4,16,1,5,3,2,0,6,22,27,4,14,9,1.61,18.63,87,150,23,132,54,38,18,58,30,44,46,33,58,45,35,46,44,26,39,37,22,20,4,79,41,3,49,23,1,30,18,320,98,171,103,46,215,105,37,5,29,3.83,22,40,29,0,2,2,0,0,0,0,0,0,1,1,0,0,11,0,0,2,13,0,2,14,67,69,158,263,14,30,4,6,94,33,29,3,8,8,22,11,0,1,0
57,Group F,25 June 2026,Sweden,Japan,False,1,1,3-4-3,55.3,1,0.56,11,5,410,330,80,72,3,111,16,18,201,26,37,74,111.1,5.1,45,13,13,13,7,14,1,8,5,2,0,4,18,31,3,16,10,1.49,17.98,109,189,34,117,55,38,23,53,33,44,40,31,62,41,37,51,42,24,38,37,20,21,0,74,46,0,44,29,0,30,17,232,79,116,93,23,139,93,42,1,15,5.19,15,40,49,4,2,6,1,1,2,0,0,0,6,0,0,0,20,0,0,3,23,0,8,18,46,57,96,180,13,20,2,4,61,29,26,5,0,6,12,2,0,0,0
58,Group F,25 June 2026,Tunisia,Netherlands,True,1,3,5-4-1,27.5,1,0.76,10,4,265,208,78,56,4,54,13,15,346,51,34,40,111.1,5.1,22,12,14,13,7,19,3,9,1,2,1,1,19,55,2,8,6,1.48,29.82,147,249,43,244,53,38,17,57,31,39,45,34,58,37,36,48,37,24,37,36,18,20,12,52,23,8,32,15,4,20,8,318,90,103,152,63,151,167,43,11,36,1.94,17,25,27,0,3,3,0,1,1,0,0,0,0,3,0,0,10,0,0,1,11,0,4,12,61,75,83,228,6,13,1,2,70,26,33,2,6,40,17,8,2,1,1
58,Group F,25 June 2026,Netherlands,Tunisia,False,3,1,4-1-2-3,72.4,3,1.79,20,7,668,619,93,115,16,233,27,25,173,32,34,61,106.8,5.3,51,15,17,22,0,8,1,4,10,5,1,6,11,14,9,19,12,1.75,12.56,71,144,35,84,46,39,21,52,28,50,44,28,63,39,35,50,40,24,38,34,22,15,1,40,108,1,16,49,0,24,59,391,129,243,128,20,229,162,34,10,18,9.05,19,24,33,3,2,5,0,0,0,1,0,1,2,3,0,0,11,0,0,2,13,0,6,14,118,108,162,295,30,71,7,10,93,47,20,1,2,7,7,0,0,0,0
59,Group D,25 June 2026,Türkiye,USA,True,3,2,3-4-3,42.5,3,1.71,8,2,456,353,77,88,13,106,11,24,219,56,50,75,115.0,5.8,22,12,22,19,5,22,3,8,5,5,1,7,21,21,4,14,8,1.51,12.2,86,193,43,109,54,36,21,52,31,43,40,32,59,40,35,50,38,24,38,35,22,20,7,85,56,2,43,34,5,42,22,275,98,128,101,46,159,116,40,8,51,3.49,22,38,48,1,0,1,0,0,0,0,1,1,1,0,0,0,13,0,0,5,18,0,2,28,66,74,97,227,20,17,1,5,74,37,19,8,8,5,17,14,1,1,0
59,Group D,25 June 2026,USA,Türkiye,False,2,3,4-1-2-3,57.5,2,1.78,18,7,495,424,86,91,14,111,20,19,267,50,47,61,127.6,7.7,36,13,19,14,3,14,1,9,9,5,0,5,14,17,9,22,16,1.72,14.66,117,203,44,154,51,38,17,52,30,42,42,33,59,37,36,50,37,26,39,33,25,17,6,83,40,4,48,23,2,35,17,389,145,154,180,55,225,164,48,14,26,3.94,26,38,55,2,4,6,1,2,3,0,0,0,2,4,0,0,13,0,0,2,15,0,9,31,67,105,170,309,14,22,3,2,85,65,48,2,8,23,27,9,0,1,0
60,Group D,25 June 2026,Paraguay,Australia,True,0,0,5-3-2,42.2,0,0.29,7,2,418,345,83,49,3,62,7,18,284,62,51,64,113.1,5.5,47,9,12,7,5,17,2,6,5,3,0,3,21,21,6,17,13,1.37,12.42,125,265,43,180,53,38,24,60,34,43,50,33,58,40,36,46,40,28,37,36,26,20,2,70,32,1,54,23,1,16,9,233,81,92,111,30,112,121,49,8,48,2.82,25,63,33,0,1,1,0,0,0,0,0,0,0,1,0,0,6,0,0,0,6,0,1,26,26,46,111,158,19,15,1,2,42,45,9,0,3,14,4,2,1,1,0
60,Group D,25 June 2026,Australia,Paraguay,False,0,0,3-4-3,57.8,0,0.7,12,5,526,446,85,86,4,109,13,30,210,33,43,93,116.4,5.6,34,11,18,13,5,17,1,7,4,2,0,1,23,33,4,17,12,1.46,13.1,97,199,33,119,53,38,21,52,34,39,41,36,55,40,33,45,40,24,37,40,20,21,2,97,31,2,49,18,0,48,13,307,114,109,155,43,154,153,58,9,26,5.49,12,59,40,0,3,3,0,0,0,0,0,0,2,0,0,1,9,0,0,0,9,0,3,28,38,71,104,214,7,28,7,6,41,41,31,6,11,15,19,2,0,0,0
61,Group I,26 June 2026,Norway,France,True,1,4,4-1-2-3,41.0,1,1.45,10,5,449,367,82,75,4,96,9,24,297,43,38,64,113.5,6.0,37,13,14,14,5,13,1,6,4,3,0,6,17,36,5,14,9,1.7,17.9,158,268,53,177,52,38,18,55,30,42,40,36,56,41,36,51,39,24,38,34,21,17,5,66,43,5,39,35,0,27,8,366,119,139,181,46,203,163,36,10,27,4.3,17,34,40,4,0,4,0,0,0,0,0,0,4,0,0,0,10,0,0,2,12,1,4,23,66,80,167,292,14,33,4,2,63,66,52,6,5,17,21,8,0,1,0
61,Group I,26 June 2026,France,Norway,False,4,1,4-2-3-1,59.0,4,1.05,18,9,549,492,90,98,21,184,16,28,234,45,43,68,109.1,5.6,34,19,14,26,1,14,3,5,7,3,1,7,29,13,2,13,11,1.46,12.7,97,177,45,128,58,38,18,58,30,46,45,30,60,42,37,50,40,28,36,37,29,17,8,57,65,7,27,30,1,30,35,307,111,169,106,32,179,128,45,6,38,4.87,33,34,27,1,2,3,2,0,2,0,0,0,3,0,0,0,9,0,0,1,10,0,5,12,115,70,135,251,40,24,6,3,79,47,20,3,2,10,6,6,0,4,1
62,Group I,26 June 2026,Senegal,Iraq,True,5,0,4-1-2-3,58.6,5,2.7,27,11,585,523,89,107,17,240,29,40,162,23,38,71,111.9,6.1,37,11,18,31,1,12,1,7,9,6,1,6,14,7,4,20,16,1.83,9.02,72,157,31,93,54,41,21,56,30,48,47,29,62,37,36,49,38,28,40,34,21,15,4,35,93,3,15,38,1,20,55,364,130,228,99,37,211,153,48,7,22,7.18,13,45,49,2,6,8,2,2,4,0,0,0,1,6,0,1,11,1,0,0,11,0,12,26,128,88,134,277,34,44,4,6,108,37,15,1,3,6,11,7,1,0,0
62,Group I,26 June 2026,Iraq,Senegal,False,0,5,4-4-2,41.4,0,0.21,6,1,280,200,71,52,4,41,5,17,259,48,43,53,104.7,5.4,20,14,11,8,10,20,1,12,1,2,1,2,16,41,4,12,10,1.56,18.07,118,231,34,164,54,38,19,53,36,36,40,39,52,38,37,47,37,22,35,33,15,17,7,55,35,4,39,26,3,16,9,163,60,57,73,33,95,68,53,5,36,1.67,29,46,30,1,1,2,1,0,1,0,0,0,1,0,1,0,10,0,0,1,11,0,3,16,26,39,63,127,6,12,1,1,30,15,14,3,6,18,12,4,2,2,1
63,Group G,26 June 2026,Egypt,IR Iran,True,1,1,4-2-3-1,53.7,1,0.92,15,3,588,525,89,97,15,123,16,30,169,30,52,76,117.2,5.9,44,13,16,13,2,13,1,6,4,3,0,4,23,15,5,18,12,1.57,12.21,64,137,24,99,59,40,22,59,33,42,48,36,56,42,36,48,42,25,39,40,22,22,6,85,42,2,38,23,4,47,19,387,168,154,194,39,213,174,45,5,34,5.26,10,65,41,3,4,7,0,0,0,0,1,1,3,2,0,1,16,0,0,3,19,0,8,14,51,106,180,282,19,31,2,6,78,87,23,6,10,2,16,1,0,1,0
63,Group G,26 June 2026,IR Iran,Egypt,False,1,1,5-4-1,46.3,1,2.24,13,3,359,280,78,73,5,87,11,21,278,45,43,78,118.8,6.5,39,10,15,8,7,18,2,6,2,5,1,2,26,30,5,13,9,1.65,16.49,139,305,40,150,55,37,19,59,33,41,38,36,58,44,37,46,44,26,36,41,21,20,5,85,34,4,63,23,1,22,11,236,70,100,104,32,108,128,53,10,42,2.67,16,67,28,1,1,2,0,0,0,0,0,0,1,1,0,0,10,0,0,0,10,1,2,15,18,33,79,153,10,12,1,5,55,28,14,2,4,15,5,1,0,1,0
64,Group G,26 June 2026,New Zealand,Belgium,True,1,5,4-2-3-1,40.5,1,0.3,6,2,450,379,84,82,5,77,13,17,321,51,32,50,117.6,6.9,34,16,20,12,3,13,1,5,5,4,1,4,16,26,7,13,8,1.75,19.02,122,264,37,204,54,40,21,58,32,40,47,33,57,39,37,47,38,28,37,32,28,16,9,79,36,7,43,22,2,36,14,313,114,99,176,38,167,146,39,8,28,2.81,26,29,29,4,1,5,0,0,0,0,0,0,5,0,0,0,6,0,0,1,7,0,5,17,52,79,132,229,10,20,2,0,59,45,43,12,4,17,11,5,0,0,1
64,Group G,26 June 2026,Belgium,New Zealand,False,5,1,4-2-3-1,59.5,5,3.99,35,10,530,475,90,118,18,203,25,38,249,32,44,82,119.8,6.9,27,17,18,24,4,13,2,7,4,5,0,3,29,14,3,13,8,1.4,16.28,127,258,32,153,53,39,20,52,34,42,39,34,58,38,36,48,38,24,38,35,20,18,9,82,62,5,44,23,4,38,39,445,156,237,158,50,240,205,45,10,23,5.67,25,26,34,4,0,4,1,3,4,0,0,0,2,1,0,0,10,0,1,1,11,0,8,15,155,124,153,370,36,42,4,9,113,63,30,5,11,26,22,4,0,3,2
65,Group H,26 June 2026,Cabo Verde,Saudi Arabia,True,0,0,4-1-2-3,48.0,0,1.37,15,2,465,402,86,113,12,133,21,36,206,34,53,83,115.5,6.2,27,13,21,15,3,17,2,5,4,3,0,4,26,18,3,17,10,1.49,12.18,78,157,25,126,56,39,19,54,34,41,42,36,55,37,37,47,38,29,38,36,25,19,13,101,29,9,40,15,4,61,14,373,120,151,160,62,194,179,66,10,28,4.48,18,51,41,3,1,4,0,0,0,0,0,0,1,1,0,1,16,0,0,0,16,0,4,21,72,90,127,252,11,22,2,7,82,35,38,2,6,24,13,7,1,0,2
65,Group H,26 June 2026,Saudi Arabia,Cabo Verde,False,0,0,4-4-2,52.1,0,0.35,7,3,455,370,81,76,11,95,12,21,304,66,42,67,113.9,7.3,37,11,17,11,3,17,1,6,8,3,0,7,20,16,7,17,13,1.67,13.5,156,279,50,171,54,40,19,54,34,40,43,36,54,39,39,48,37,28,38,34,24,16,8,71,46,5,46,35,3,25,11,263,105,120,112,31,129,134,52,11,57,2.86,29,45,40,0,2,2,0,0,0,0,0,0,0,2,0,0,10,0,0,1,11,0,2,27,48,59,125,215,13,16,3,4,72,43,28,1,3,14,12,6,0,0,0
66,Group H,26 June 2026,Uruguay,Spain,True,0,1,4-1-2-3,33.4,0,0.22,5,1,305,241,79,68,15,94,18,24,390,64,53,67,113.8,6.5,28,10,15,16,7,19,2,7,8,7,1,7,21,22,3,10,8,1.44,16.65,211,475,65,231,50,39,20,54,30,43,44,35,56,45,38,46,43,29,37,40,20,22,2,76,30,1,53,16,1,23,14,263,71,144,84,35,142,121,71,11,48,2.37,28,39,33,1,0,1,0,0,0,0,0,0,1,0,0,0,14,0,0,2,16,0,1,16,60,65,71,200,6,22,3,9,81,13,27,4,4,13,9,7,1,1,0
66,Group H,26 June 2026,Spain,Uruguay,False,1,0,4-1-2-3,66.6,1,1.12,6,1,637,570,89,134,10,89,15,37,215,35,49,65,111.2,5.1,40,20,14,8,2,10,1,4,6,4,0,5,17,17,6,19,12,1.66,12.93,75,150,30,134,55,42,17,54,31,44,47,34,57,40,37,48,40,28,39,39,27,17,12,95,57,6,59,33,6,36,24,408,159,124,177,107,223,185,61,9,33,6.05,18,35,35,3,3,6,0,0,0,0,0,0,3,3,0,0,14,0,0,5,19,0,6,10,49,84,176,296,11,27,7,3,61,48,48,8,7,15,48,10,0,2,1
67,Group L,27 June 2026,Panama,England,True,0,2,3-4-3,33.1,0,0.72,13,2,306,231,75,84,5,48,10,22,283,55,55,57,111.3,6.2,18,11,23,8,8,23,2,9,2,3,1,3,27,32,6,11,8,1.47,17.39,128,277,46,176,54,40,17,54,35,42,43,34,58,42,35,49,41,21,40,37,19,22,17,79,34,10,43,21,7,36,13,191,55,47,103,41,111,80,48,7,38,2.42,25,38,44,1,2,3,0,0,0,0,0,0,1,1,0,0,13,0,0,4,17,0,3,24,24,68,63,148,2,9,0,2,30,14,29,2,8,33,8,7,0,1,3
67,Group L,27 June 2026,England,Panama,False,2,0,4-2-3-1,66.9,2,1.61,17,6,562,500,89,114,30,177,29,25,228,46,44,72,115.2,7.6,40,12,23,21,2,11,1,5,12,5,0,5,7,7,8,23,16,1.74,8.71,93,195,39,136,52,38,20,56,28,45,43,32,59,40,37,49,42,29,39,33,21,15,4,50,92,3,25,48,1,25,44,481,190,241,189,51,314,167,45,8,26,5.58,23,40,41,5,1,6,0,1,1,0,0,0,5,1,0,0,16,0,1,4,20,0,7,14,129,144,187,353,35,55,6,0,122,74,28,2,2,7,15,5,0,2,0
68,Group L,27 June 2026,Croatia,Ghana,True,2,1,4-2-3-1,50.8,2,0.48,8,4,538,487,91,84,8,82,15,27,189,30,32,52,110.5,5.0,47,16,15,10,3,9,1,5,1,3,1,2,46,20,3,9,6,1.47,18.7,80,175,39,99,56,41,18,56,32,41,44,35,54,38,35,48,41,21,36,40,20,23,6,86,24,4,50,14,2,36,10,317,125,131,134,52,174,143,36,7,28,5.51,17,34,34,0,1,1,1,1,2,0,0,0,0,1,0,0,13,0,0,2,15,0,3,16,52,63,151,225,13,18,3,6,67,41,30,5,3,8,16,13,0,2,0
68,Group L,27 June 2026,Ghana,Croatia,False,1,2,4-1-2-3,49.2,1,0.75,6,1,466,411,88,50,5,60,11,27,271,36,40,47,106.4,5.0,54,13,13,6,1,9,1,4,7,5,0,5,34,19,3,9,7,1.67,22.44,144,263,31,179,50,38,20,59,30,42,49,33,57,40,37,48,39,26,36,37,24,19,2,24,50,2,16,31,0,8,19,257,71,134,110,13,143,114,45,8,30,5.0,10,33,22,2,0,2,0,0,0,0,0,0,2,0,0,0,9,0,0,1,10,0,2,10,25,53,135,195,13,23,1,1,81,47,13,3,5,6,2,0,0,0,0
69,Group J,27 June 2026,Algeria,Austria,True,3,3,4-2-3-1,60.7,3,1.54,12,5,775,723,93,96,7,137,4,26,218,30,39,47,105.2,4.3,57,15,12,15,2,6,1,4,5,5,0,4,28,17,7,13,9,1.61,16.78,100,169,37,134,54,38,24,58,31,45,46,33,57,38,37,49,38,24,38,35,20,19,8,67,46,2,39,17,6,28,29,292,106,150,128,14,165,127,25,4,16,11.52,19,25,26,0,0,0,0,0,0,0,0,0,0,0,0,0,7,0,0,3,10,0,0,16,65,62,162,237,12,28,4,3,88,55,28,2,6,4,5,2,0,0,0
69,Group J,27 June 2026,Austria,Algeria,False,3,3,4-2-3-1,39.2,3,1.06,10,3,405,355,88,70,10,93,13,10,305,40,24,56,113.3,4.6,43,12,16,15,3,13,2,4,2,2,1,1,33,41,2,6,4,1.45,28.58,151,309,46,189,51,38,19,52,31,43,40,33,58,37,35,46,37,24,34,34,20,20,5,54,35,4,31,17,1,23,18,196,75,76,85,35,117,79,29,3,32,4.13,20,24,17,2,0,2,0,1,1,0,0,0,2,0,0,0,3,0,0,1,4,0,3,10,33,54,68,141,2,16,1,2,46,29,17,1,5,4,15,3,0,0,0
70,Group J,27 June 2026,Jordan,Argentina,True,1,3,3-4-3,27.7,1,0.96,5,1,300,239,80,66,11,61,9,30,471,48,37,44,110.6,4.9,31,16,21,15,2,14,2,6,4,7,1,3,35,28,3,6,5,1.48,32.94,233,477,81,275,56,39,16,57,32,42,48,38,52,41,35,51,39,25,38,33,23,22,9,67,25,5,37,17,4,30,8,250,68,78,129,43,133,117,38,13,26,3.17,24,16,23,1,1,2,0,0,0,0,0,0,2,0,0,0,7,0,0,3,10,0,2,11,44,68,97,189,7,17,2,1,44,38,35,6,3,13,13,5,1,4,0
70,Group J,27 June 2026,Argentina,Jordan,False,3,1,4-1-2-3,72.3,3,2.52,13,4,824,762,92,130,8,144,10,25,184,39,42,48,105.9,4.7,45,25,16,11,1,6,1,5,8,5,1,5,14,19,4,14,13,1.76,9.99,73,148,27,112,51,38,19,51,31,42,41,34,55,40,34,47,38,27,37,34,26,20,4,90,61,0,43,41,4,47,20,528,242,197,269,62,308,220,34,8,31,8.66,22,16,38,0,4,4,0,2,2,0,0,0,3,1,0,0,12,2,1,0,12,1,6,19,87,131,292,418,31,53,6,14,71,121,51,3,10,19,25,9,4,1,0
71,Group K,27 June 2026,Colombia,Portugal,True,0,0,4-1-2-3,51.9,0,1.85,24,7,547,491,90,114,13,178,16,20,218,23,36,60,103.0,5.0,39,16,21,26,4,8,1,6,2,4,0,8,28,25,4,7,6,1.56,17.61,94,197,24,146,58,41,19,55,32,42,46,37,53,42,38,49,41,27,37,36,25,18,4,94,45,3,52,21,1,42,24,394,144,194,155,45,212,182,30,3,28,5.96,15,30,23,0,1,1,4,0,4,0,0,0,1,0,0,0,6,0,0,2,8,0,5,10,118,94,214,319,22,32,8,5,101,51,50,6,6,7,21,8,1,1,0
71,Group K,27 June 2026,Portugal,Colombia,False,0,0,4-2-3-1,48.1,0,0.97,13,2,456,421,92,99,12,121,14,32,303,29,37,38,104.0,4.8,39,17,14,19,2,7,1,4,3,3,0,7,22,29,1,8,7,1.58,26.33,144,255,39,181,55,42,17,58,31,43,46,35,55,42,39,46,41,31,37,36,29,17,4,89,30,1,35,17,3,54,13,281,99,141,112,28,154,127,36,8,19,4.33,22,31,26,1,0,1,0,0,0,1,0,1,1,0,0,0,12,1,0,3,15,0,2,9,86,66,122,222,22,27,7,3,64,33,29,1,7,13,10,4,1,0,1
72,Group K,27 June 2026,Congo DR,Uzbekistan,True,3,1,4-4-2,53.0,3,2.11,19,5,495,419,85,106,6,131,25,41,191,31,54,93,115.1,5.5,31,14,23,18,3,18,1,6,5,3,0,4,13,16,3,19,13,1.71,10.4,75,154,33,111,54,42,17,54,32,44,44,35,57,38,36,48,36,28,39,35,28,19,4,95,56,4,52,28,0,43,28,404,135,202,170,32,255,149,48,7,31,5.05,18,51,45,0,2,2,0,0,0,0,0,0,2,0,0,0,15,0,0,1,16,1,2,26,85,114,169,325,24,41,3,5,106,56,47,3,7,15,12,5,0,0,1
72,Group K,27 June 2026,Uzbekistan,Congo DR,False,1,3,3-4-3,47.0,1,0.16,3,1,378,283,75,80,5,90,15,16,342,62,54,74,115.8,5.6,22,10,16,16,8,19,1,10,4,4,1,3,18,31,5,18,12,1.58,13.59,132,266,46,222,51,38,20,55,32,42,45,37,54,41,39,47,42,27,37,37,25,19,10,106,25,5,72,14,5,34,11,230,73,108,86,36,134,96,57,12,51,2.37,25,50,36,2,2,4,0,0,0,0,0,0,0,4,0,0,6,0,1,3,9,0,4,23,58,61,63,178,7,34,2,3,54,17,31,1,5,6,10,7,0,1,0
100,Quarter-final,11 July 2026,Argentina,Switzerland,True,3,1,4-1-3-2,54.7,3,1.99,22,7,716,629,88,98,7,256,16,21,241,35,39,69,136.7,5.4,43,23,13,28,3,9,1,6,2,4,1,3,17,30,4,16,10,1.69,15.34,129,273,39,146,53,37,17,53,32,44,43,30,60,38,35,48,36,29,36,35,24,19,6,73,66,3,45,27,3,28,39,436,158,248,131,57,227,209,49,5,29,6.21,21,46,48,3,2,5,0,2,2,1,0,1,2,3,0,0,17,0,0,4,21,0,8,19,144,78,247,347,57,30,1,2,126,49,28,4,6,15,15,12,1,1,0
100,Quarter-final,11 July 2026,Switzerland,Argentina,False,1,3,4-2-3-1,45.3,1,0.44,11,5,476,404,85,99,8,130,22,34,367,47,43,76,138.0,5.5,39,12,15,16,5,16,2,5,7,3,0,5,12,41,4,9,6,1.56,19.42,182,358,52,232,48,35,21,54,31,46,47,30,59,39,33,51,39,23,39,30,15,17,4,94,47,1,52,24,3,42,23,277,104,134,107,36,151,126,42,9,30,4.12,23,45,35,2,0,2,0,0,0,0,0,0,0,2,0,0,13,0,0,4,17,0,2,16,83,68,144,224,29,30,3,4,58,55,20,1,7,2,13,2,0,0,0
101,Semi-final,14 July 2026,France,Spain,True,0,2,4-2-3-1,46.8,0,0.48,10,3,496,417,84,111,8,117,22,32,298,47,51,77,114.0,6.1,31,17,23,19,1,12,1,9,9,6,0,7,21,14,2,14,10,1.64,14.01,121,282,57,161,57,40,20,57,32,42,43,29,63,42,36,50,41,25,39,37,26,21,4,110,43,2,59,22,2,51,21,329,114,114,137,78,195,134,50,14,30,5.83,21,34,46,3,0,3,4,0,4,0,0,0,0,3,0,0,12,0,1,5,17,0,7,22,56,96,112,230,9,13,3,6,59,24,46,6,4,15,33,12,0,0,0
101,Semi-final,14 July 2026,Spain,France,False,2,0,4-1-2-3,53.2,2,2.21,10,2,517,439,85,98,9,75,8,24,309,54,54,68,115.0,5.9,27,18,18,10,5,14,1,5,8,6,1,7,24,20,5,12,10,1.43,11.23,143,269,47,180,52,38,17,53,31,40,44,35,53,42,36,47,41,27,38,36,20,16,6,98,34,2,66,23,4,32,11,438,152,119,236,83,275,163,49,10,43,3.82,30,35,32,0,1,1,0,0,0,0,0,0,0,1,0,0,10,0,0,4,14,1,1,16,54,102,179,329,3,29,5,2,64,63,80,7,11,20,26,16,1,1,1
102,Semi-final,15 July 2026,England,Argentina,True,1,2,4-2-3-1,35.2,1,0.46,5,2,353,293,83,74,13,87,15,25,320,40,32,54,107.7,4.9,37,12,15,13,6,17,1,7,6,3,1,5,16,42,4,9,7,1.29,17.56,150,303,62,173,57,40,17,56,29,47,46,33,58,40,34,49,39,26,41,32,16,17,7,71,33,7,42,19,0,29,14,300,112,119,119,62,172,128,30,10,24,3.47,18,40,38,0,1,1,0,0,0,0,0,0,0,1,0,0,14,0,0,4,18,0,1,19,44,59,114,206,9,25,5,2,64,39,20,0,7,10,15,6,0,4,0
102,Semi-final,15 July 2026,Argentina,England,False,2,1,4-4-2,64.7,2,1.47,15,5,610,549,90,115,8,230,20,26,188,39,39,55,106.6,5.4,46,20,14,30,1,9,1,6,5,2,0,6,15,25,5,17,11,1.59,13.45,79,158,37,115,56,40,18,54,30,45,45,28,62,40,38,47,40,28,38,37,23,19,6,71,64,3,34,29,3,37,35,430,177,191,140,99,221,209,48,7,32,6.11,15,39,38,1,2,3,0,3,3,0,0,0,2,1,0,0,11,0,0,1,12,0,6,20,120,80,207,297,37,24,3,3,87,47,26,2,3,8,40,13,3,0,1
103,Bronze final,18 July 2026,France,England,True,4,6,4-2-3-1,41.5,4,2.99,19,9,453,412,91,105,16,176,8,36,335,75,30,59,107.3,6.1,30,15,23,26,0,13,2,4,6,6,1,14,29,9,4,10,7,1.71,21.31,148,304,60,181,52,37,20,55,29,41,44,31,59,38,36,51,37,28,40,33,30,17,2,63,55,1,33,24,1,30,31,340,147,184,121,35,194,146,37,7,43,3.94,26,17,18,0,0,0,2,1,3,0,0,0,0,0,0,0,7,0,0,3,10,0,3,5,114,104,145,285,30,35,4,7,93,47,24,4,5,14,16,5,1,0,0
103,Bronze final,18 July 2026,England,France,False,6,4,4-1-2-3,58.5,6,2.34,19,11,535,479,90,116,17,66,13,33,223,44,32,62,107.7,5.8,37,15,22,10,3,10,2,3,3,3,1,3,23,29,7,13,10,1.76,21.58,87,140,42,133,53,39,16,55,31,39,40,44,47,42,36,49,41,24,39,35,20,16,13,102,29,10,60,20,3,42,9,353,143,84,163,106,233,120,39,6,39,4.77,26,17,27,3,1,4,0,0,0,0,0,0,4,0,0,0,13,0,0,3,16,1,4,6,42,93,158,273,3,13,5,1,58,59,45,7,1,21,40,16,3,1,0
104,Final,19 July 2026,Spain,Argentina,True,1,0,4-1-2-3,60.2,1,2.52,20,12,878,789,90,182,22,251,24,34,300,39,56,95,148.0,6.5,41,16,20,22,2,9,0,6,13,4,0,10,13,8,3,17,12,1.4,10.23,154,269,60,168,55,39,22,53,31,44,45,31,59,40,36,50,38,26,39,36,23,19,9,127,90,4,62,45,5,65,45,605,212,333,196,76,344,261,57,11,27,8.93,23,42,53,3,3,6,0,3,3,0,0,0,4,1,1,0,23,1,0,2,25,0,9,19,169,172,299,470,45,65,7,3,166,61,56,10,8,11,26,9,2,1,0
104,Final,19 July 2026,Argentina,Spain,False,0,1,4-4-2,39.9,0,0.07,2,0,476,375,79,87,5,52,9,22,445,57,54,69,142.0,6.3,28,18,16,5,8,17,1,8,4,3,1,3,25,33,2,9,8,1.43,22.34,223,474,75,265,53,38,16,53,32,41,43,32,57,42,36,47,41,29,37,36,24,18,16,97,35,12,67,24,4,30,11,312,128,78,132,102,166,146,55,10,36,3.15,30,44,51,0,3,3,0,0,0,0,1,1,2,0,1,0,21,0,0,4,25,0,4,22,31,79,116,223,2,17,3,1,46,46,30,1,8,12,37,14,1,5,0
73,Round of 32,28 June 2026,South Africa,Canada,True,0,1,4-2-3-1,55.8,0,0.16,6,1,575,486,85,97,13,60,5,25,221,43,42,80,108.2,6.5,47,12,16,6,5,9,0,4,2,4,1,3,21,16,5,21,15,1.54,14.06,81,193,31,125,58,39,20,53,33,38,46,39,52,39,36,47,39,27,36,35,24,19,3,122,25,1,69,19,2,53,6,304,99,104,142,58,199,105,53,13,31,4.6,30,44,33,0,1,1,0,0,0,0,0,0,0,1,0,0,15,0,0,0,15,0,1,17,41,77,136,236,7,14,0,4,72,33,46,3,5,23,20,8,0,0,1
73,Round of 32,28 June 2026,Canada,South Africa,False,1,0,4-4-2,44.1,1,1.33,12,7,390,314,81,80,7,112,14,29,344,62,49,82,117.0,7.9,24,10,19,15,2,21,3,7,7,4,0,9,40,6,5,9,9,1.42,20.95,162,281,39,221,49,38,21,50,30,45,40,33,57,40,34,49,40,27,42,34,22,18,0,69,47,0,39,28,0,30,19,253,108,123,108,22,140,113,53,6,42,3.62,25,45,36,2,2,4,0,0,0,0,0,0,2,2,0,0,10,0,0,1,11,0,4,21,46,76,67,193,6,29,1,6,66,38,24,4,3,7,8,1,0,0,0
74,Round of 32,29 June 2026,Germany,Paraguay,True,1,1,4-2-3-1,65.5,1,1.25,21,6,834,752,90,161,10,344,52,46,164,32,45,118,152.4,6.6,43,16,19,31,1,8,1,5,6,3,2,2,4,9,6,29,19,1.67,8.48,63,129,34,82,46,38,21,48,30,50,43,26,66,36,32,53,35,31,36,31,26,14,4,102,97,1,27,40,3,75,57,478,193,304,153,21,231,247,55,11,28,8.08,22,47,52,8,7,15,1,0,1,0,0,0,13,1,0,0,12,0,2,1,13,0,16,23,167,123,212,343,55,46,7,6,131,58,19,2,4,6,8,1,0,0,0
74,Round of 32,29 June 2026,Paraguay,Germany,False,1,1,4-4-2,34.5,1,0.61,7,3,264,166,63,51,6,69,20,28,410,69,59,71,143.8,6.1,13,8,10,12,14,29,2,10,1,2,1,1,16,50,4,8,6,1.55,20.11,176,354,56,296,38,31,17,53,33,44,38,36,55,37,38,50,36,27,35,33,20,16,6,63,45,6,42,36,0,21,9,131,47,58,50,23,71,60,91,10,59,1.33,52,47,39,3,3,6,0,0,0,0,0,0,4,2,0,0,17,0,0,4,21,0,6,12,32,19,27,97,7,10,3,0,26,9,16,1,2,9,5,8,0,1,0
75,Round of 32,29 June 2026,Netherlands,Morocco,True,1,1,3-4-3,31.1,1,0.33,6,2,395,307,78,62,4,68,10,19,340,43,51,79,137.6,5.2,36,11,16,8,6,19,1,10,1,2,0,2,32,40,3,8,5,1.37,23.91,190,307,48,209,53,37,21,57,32,43,43,32,58,44,34,49,45,21,38,42,19,22,3,68,43,3,51,32,0,17,11,192,58,80,84,28,119,73,50,7,36,3.64,23,58,48,3,2,5,0,0,0,0,0,0,2,3,0,0,15,0,0,0,15,0,5,28,29,52,67,148,6,16,0,3,50,23,16,3,4,16,9,1,1,0,0
75,Round of 32,29 June 2026,Morocco,Netherlands,False,1,1,4-2-3-1,68.9,1,1.3,11,5,891,813,91,94,10,167,19,26,244,64,52,75,139.5,6.5,53,16,11,13,2,8,0,3,5,4,1,2,24,16,6,20,14,1.77,10.62,108,166,40,139,55,35,22,59,29,44,48,34,56,41,39,48,40,25,37,39,20,22,4,53,72,1,28,30,3,25,42,464,151,232,200,32,286,178,62,8,30,8.11,17,54,46,5,3,8,0,0,0,0,0,0,5,3,0,0,18,0,0,3,21,0,8,17,104,95,286,394,41,46,0,8,118,102,31,2,3,20,15,5,1,1,1
76,Round of 32,29 June 2026,Brazil,Japan,True,2,1,4-1-2-3,61.6,2,2.12,19,7,715,652,91,118,14,250,30,23,200,35,40,74,110.0,4.9,52,16,16,25,2,6,1,4,7,3,0,10,11,17,6,13,8,1.72,16.93,88,178,40,115,55,42,18,58,29,49,47,29,62,43,39,49,41,30,36,35,29,18,2,45,113,1,22,50,1,23,63,487,170,266,191,30,293,194,36,4,23,10.38,14,39,40,0,4,4,1,1,2,0,0,0,1,3,0,0,13,0,0,0,13,0,6,21,145,118,254,380,66,63,4,8,100,84,25,3,1,8,12,5,0,1,0
76,Round of 32,29 June 2026,Japan,Brazil,False,1,2,3-4-3,38.5,1,0.26,5,2,330,279,85,72,5,81,12,12,362,48,34,47,114.9,5.3,34,11,18,14,5,13,3,5,2,2,1,4,14,60,3,6,4,1.71,25.97,201,374,51,233,55,40,14,56,34,44,45,36,55,43,38,47,43,23,37,37,17,20,9,79,17,3,45,10,6,34,7,307,103,104,129,74,167,140,40,6,22,2.65,19,36,23,1,1,2,0,0,0,0,0,0,1,1,0,0,4,0,1,1,5,0,2,16,48,78,121,213,5,18,3,3,50,26,45,6,1,13,26,14,1,1,1
77,Round of 32,30 June 2026,France,Sweden,True,3,0,4-2-3-1,53.5,3,2.9,25,12,548,498,91,129,16,202,22,33,213,38,35,64,107.7,4.9,35,18,19,25,2,10,1,6,5,4,1,5,25,16,3,15,9,1.77,14.48,68,141,36,120,54,39,22,56,30,46,46,29,61,40,35,48,40,27,37,35,25,19,6,89,59,3,46,24,3,43,35,378,157,213,130,35,225,153,32,10,26,6.16,13,35,30,4,2,6,2,1,3,0,0,0,0,6,0,0,10,0,0,1,11,0,9,10,121,99,181,309,35,35,6,8,103,53,38,4,3,2,13,8,0,1,0
77,Round of 32,30 June 2026,Sweden,France,False,0,3,4-4-2,46.4,0,0.71,8,3,365,296,81,71,6,99,11,16,258,42,34,56,107.3,4.6,36,15,15,12,5,15,2,8,1,2,1,3,24,38,4,10,9,1.37,20.78,127,252,34,166,50,39,18,56,32,39,42,33,58,40,37,49,40,27,37,36,21,18,9,60,50,8,41,34,1,19,16,250,94,101,112,37,137,113,31,4,27,2.93,15,32,37,0,1,1,0,0,0,0,0,0,1,0,0,0,14,0,0,3,17,0,1,19,35,49,103,175,13,26,3,1,41,37,24,3,0,11,11,5,0,0,0
78,Round of 32,30 June 2026,Côte d'Ivoire,Norway,True,1,2,4-1-2-3,41.3,1,1.43,14,5,406,353,87,90,16,151,33,27,318,57,45,72,105.8,5.4,30,13,20,27,3,13,3,8,7,6,0,8,26,20,2,12,8,1.79,17.38,134,236,52,206,51,40,16,56,33,41,45,34,59,40,37,48,39,27,36,36,26,16,4,60,57,3,30,30,1,30,27,266,109,145,98,23,144,122,36,10,44,3.86,19,41,39,8,4,12,1,1,2,0,0,0,11,1,0,0,7,1,0,2,9,0,14,16,85,80,102,197,21,12,4,2,71,42,12,6,2,14,5,2,2,0,2
78,Round of 32,30 June 2026,Norway,Côte d'Ivoire,False,2,1,4-2-1-3,58.7,2,2.3,9,4,492,442,90,103,5,126,15,36,216,42,31,51,114.5,6.2,36,17,15,15,3,12,0,7,6,2,1,4,18,30,8,13,9,1.73,14.88,80,184,27,138,54,38,19,56,32,41,43,33,58,40,35,50,38,24,37,33,21,15,8,91,33,4,43,13,4,48,20,309,136,128,146,35,156,153,35,4,27,4.29,21,38,34,2,1,3,0,0,0,0,0,0,3,0,0,0,6,0,0,2,8,0,3,23,65,58,96,202,13,19,6,9,53,36,28,9,5,11,5,8,0,0,0
79,Round of 32,30 June 2026,Mexico,Ecuador,True,2,0,4-1-2-3,37.1,2,1.86,15,3,317,259,82,76,10,83,10,15,215,37,33,50,113.3,6.2,23,10,18,14,6,19,3,7,2,2,0,2,20,38,8,8,7,1.57,15.37,86,153,29,116,54,43,19,51,34,44,40,37,53,38,36,48,40,24,38,36,20,18,9,75,20,5,47,12,4,28,8,275,95,121,111,43,168,107,44,7,22,3.0,17,55,34,3,0,3,0,0,0,0,0,0,1,2,0,0,14,0,0,1,15,0,3,16,64,89,70,218,7,34,6,4,57,26,43,4,5,10,16,5,1,0,0
79,Round of 32,30 June 2026,Ecuador,Mexico,False,0,2,4-4-2,62.9,0,0.47,7,1,420,353,84,69,7,112,27,23,191,37,35,59,105.0,5.6,42,16,19,19,6,8,1,8,8,5,0,3,11,10,6,19,13,1.44,11.73,76,200,25,111,55,38,22,56,31,45,48,34,57,42,41,45,40,30,35,37,24,15,4,54,59,2,32,32,2,22,27,243,85,127,86,30,117,126,40,7,27,4.73,18,53,40,4,1,5,3,0,3,0,0,0,4,0,0,1,10,0,0,0,10,0,8,22,54,56,110,177,13,19,2,4,65,38,10,2,4,5,12,3,0,0,0
80,Round of 32,01 July 2026,England,Congo DR,True,2,1,4-2-3-1,53.5,2,1.75,16,7,523,482,92,125,25,222,42,41,246,44,35,69,115.5,5.9,33,15,25,31,2,12,1,5,9,5,0,10,15,16,6,16,11,1.63,13.79,110,205,37,149,53,37,19,57,28,48,47,28,63,41,36,51,40,25,38,38,20,18,6,70,79,3,32,28,3,38,51,490,169,278,177,35,263,227,34,9,24,5.78,24,32,36,4,1,5,0,0,0,0,0,0,4,1,0,0,12,0,0,4,16,0,5,15,171,156,181,360,60,52,2,4,105,56,29,1,3,28,14,4,1,1,0
80,Round of 32,01 July 2026,Congo DR,England,False,1,2,4-1-4-1,46.5,1,0.64,7,2,392,326,83,91,9,75,16,31,336,60,36,48,114.0,5.7,27,12,22,13,6,16,2,7,1,3,0,3,17,38,6,12,10,1.79,22.49,132,205,49,220,54,38,17,55,29,42,46,32,57,37,35,51,38,24,38,35,18,17,4,88,38,2,48,22,2,40,16,312,114,77,152,83,192,120,35,7,35,3.01,20,30,37,1,1,2,0,1,1,0,0,0,2,0,0,0,10,0,1,0,10,0,3,24,40,86,104,216,9,16,1,2,38,31,42,4,3,29,21,16,0,3,1
81,Round of 32,01 July 2026,USA,Bosnia and Herzegovina,True,2,0,3-5-2,44.0,2,0.8,8,2,425,362,85,82,14,88,19,31,206,38,43,62,117.0,5.9,36,11,18,14,4,14,1,8,5,3,0,2,27,25,3,13,10,1.5,16.22,98,189,30,126,52,36,19,54,30,45,43,32,59,36,35,51,35,22,39,33,17,20,5,67,54,2,42,34,3,25,20,306,105,157,128,21,178,128,42,12,19,4.51,18,32,37,2,1,3,1,0,1,0,0,0,3,0,0,0,13,1,0,0,13,0,4,20,56,103,108,243,12,39,6,3,82,36,34,2,6,12,8,3,0,0,0
81,Round of 32,01 July 2026,Bosnia and Herzegovina,USA,False,0,2,4-4-2,56.1,0,0.21,10,3,459,381,83,52,5,81,12,16,208,33,32,57,117.1,5.9,44,13,17,13,4,13,1,6,2,3,1,5,19,26,5,14,11,1.57,8.84,95,210,28,132,56,38,20,57,30,44,47,30,61,41,32,50,42,22,37,38,19,20,1,37,60,1,22,36,0,15,24,286,82,129,120,37,125,161,34,7,30,4.18,13,33,33,2,0,2,0,1,1,0,0,0,2,0,0,0,7,0,0,3,10,0,3,20,51,67,153,223,24,7,4,2,68,56,16,3,2,21,16,3,0,1,0
82,Round of 32,01 July 2026,Belgium,Senegal,True,3,2,4-2-3-1,48.3,3,1.74,19,5,695,607,87,109,12,161,27,26,351,44,45,93,160.5,8.5,45,12,17,14,3,11,1,4,4,3,1,4,20,28,7,11,8,1.69,15.69,180,368,53,241,53,40,20,55,31,44,43,30,62,39,35,50,39,25,38,34,23,17,11,92,57,8,59,32,3,33,25,517,178,243,227,47,286,231,69,12,27,5.15,32,60,34,0,2,2,1,0,1,0,1,1,0,2,1,0,11,0,0,2,13,1,4,16,104,135,241,401,31,58,3,7,118,63,49,7,9,30,17,8,0,0,1
82,Round of 32,01 July 2026,Senegal,Belgium,False,2,3,4-3-3,51.7,2,2.09,19,5,638,555,87,137,16,181,27,33,352,62,52,70,152.9,7.3,37,16,16,19,6,11,2,6,2,4,0,4,27,25,5,11,7,1.69,22.67,126,305,50,218,55,35,20,56,31,45,46,35,56,38,34,50,40,24,36,37,19,19,6,123,66,5,72,29,1,51,37,420,164,189,188,43,238,182,61,15,32,4.36,25,60,45,0,2,2,0,0,0,0,0,0,1,1,0,0,22,0,1,2,24,0,2,19,101,105,201,325,34,20,6,6,97,68,41,8,4,17,13,8,0,3,0
83,Round of 32,02 July 2026,Portugal,Croatia,True,2,1,4-2-3-1,55.3,2,1.91,15,3,588,538,91,90,7,134,21,32,257,38,42,56,116.6,6.0,42,19,19,14,1,8,1,5,10,4,0,8,17,16,6,16,12,1.76,13.13,119,224,30,169,53,37,20,59,28,47,49,28,61,41,36,51,39,27,39,37,24,18,2,55,64,2,29,32,0,26,32,356,133,193,152,11,185,171,40,8,30,6.14,19,33,34,2,4,6,1,2,3,0,0,0,6,0,0,0,11,0,0,4,15,1,9,9,78,101,158,253,24,42,2,5,84,61,22,3,1,5,3,1,0,0,0
83,Round of 32,02 July 2026,Croatia,Portugal,False,1,2,4-2-3-1,44.8,1,1.17,13,6,386,330,85,70,7,85,21,30,291,43,35,61,118.1,6.0,30,17,17,15,4,16,2,7,2,3,0,2,28,37,3,8,7,1.68,21.25,138,241,49,171,52,40,14,51,32,41,42,36,54,41,36,50,42,22,35,38,18,21,5,63,38,2,40,25,3,23,13,300,110,121,111,68,163,137,30,3,40,3.32,19,36,26,2,1,3,1,1,2,0,0,0,2,0,0,1,6,0,0,1,7,0,5,14,57,71,140,244,5,14,4,4,79,35,34,3,2,14,25,18,5,2,0
84,Round of 32,02 July 2026,Spain,Austria,True,3,0,4-1-2-3,59.2,3,2.25,23,10,643,589,92,142,14,188,25,42,203,29,51,68,112.4,6.6,32,17,21,22,2,9,1,6,9,4,0,13,15,9,6,21,14,1.57,12.09,106,217,35,124,58,38,20,53,32,43,45,34,55,38,37,50,38,28,41,33,25,16,10,119,41,6,61,21,4,58,20,492,196,222,198,72,247,245,50,11,26,8.36,16,29,44,6,2,8,1,0,1,0,0,0,6,1,1,0,15,1,0,5,20,0,9,15,120,125,164,347,32,47,5,4,90,70,42,4,5,17,18,13,0,0,0
84,Round of 32,02 July 2026,Austria,Spain,False,0,3,4-2-3-1,40.8,0,0.25,5,0,360,291,81,71,5,52,14,17,410,77,41,56,110.5,6.2,33,13,16,11,5,21,2,4,6,6,1,5,24,22,5,9,8,1.4,20.78,160,314,60,259,52,41,15,48,33,41,38,38,52,40,35,49,39,26,38,33,26,17,6,81,24,5,48,16,1,33,8,259,83,55,110,94,137,122,45,9,45,2.39,31,26,17,0,0,0,0,0,0,0,0,0,0,0,0,0,8,0,0,2,10,0,0,7,35,60,78,170,1,7,1,0,36,23,30,3,3,20,26,17,0,3,0
85,Round of 32,02 July 2026,Switzerland,Algeria,True,2,0,4-2-3-1,40.7,2,1.9,11,5,451,371,82,88,10,86,18,37,283,51,56,69,115.4,5.6,28,14,20,12,6,16,2,7,5,4,1,4,28,24,3,14,9,1.76,15.51,111,228,36,179,52,39,18,55,32,41,44,33,57,38,34,49,39,25,37,37,21,20,9,85,43,7,56,32,2,29,11,256,94,96,99,61,182,74,56,14,41,3.81,15,39,38,2,2,4,0,0,0,0,0,0,2,2,0,0,12,0,0,2,14,0,4,20,43,73,105,211,7,20,1,2,60,34,26,3,6,13,28,8,2,1,0
85,Round of 32,02 July 2026,Algeria,Switzerland,False,0,2,4-1-2-3,59.4,0,0.73,8,2,571,491,86,107,9,109,7,36,266,37,47,70,113.2,6.0,36,17,20,13,3,14,0,4,11,4,1,6,19,11,7,16,14,1.51,14.14,126,282,57,144,54,36,22,55,29,43,48,32,57,41,39,48,40,26,37,35,23,18,6,99,51,2,52,25,4,47,26,389,119,168,182,39,218,171,41,8,33,4.88,25,39,30,0,2,2,0,0,0,0,0,0,2,0,0,0,10,0,0,0,10,0,2,18,71,120,209,329,25,22,4,5,102,53,50,1,7,29,22,9,0,0,0
86,Round of 32,03 July 2026,Argentina,Cabo Verde,True,3,2,4-4-2,59.2,3,2.73,22,12,862,800,93,152,24,262,19,33,289,51,51,77,140.6,6.2,51,16,14,19,1,5,1,4,9,5,0,5,17,21,5,13,9,1.63,15.22,143,235,44,167,54,42,20,55,32,45,46,32,58,40,40,47,39,31,36,36,33,18,8,89,84,5,42,40,3,47,44,426,183,244,162,20,238,188,41,4,39,6.89,21,37,37,3,4,7,0,1,1,0,0,0,3,3,0,1,12,4,0,2,14,0,8,15,132,116,219,340,47,39,5,4,122,78,21,2,5,3,10,3,0,1,0
86,Round of 32,03 July 2026,Cabo Verde,Argentina,False,2,3,4-1-4-1,40.7,2,0.52,16,5,491,425,87,100,5,100,19,29,415,49,45,69,141.2,5.7,34,16,18,13,4,13,2,6,2,3,1,2,27,45,2,5,4,1.49,25.06,189,362,73,246,53,40,18,53,35,40,46,36,55,39,39,47,36,25,35,34,20,19,8,107,20,5,53,13,3,54,7,377,135,127,186,64,175,202,46,6,34,3.88,26,39,42,4,3,7,0,0,0,1,0,1,1,5,1,0,13,1,1,3,16,0,8,18,44,88,154,268,3,24,3,6,73,39,60,10,7,16,18,7,2,0,0
87,Round of 32,03 July 2026,Colombia,Ghana,True,1,0,4-1-2-3,54.6,1,1.8,20,8,598,540,90,91,12,129,17,19,217,52,35,58,107.4,5.4,46,15,13,14,3,7,1,4,3,3,1,8,27,18,4,12,9,1.45,13.85,77,148,37,129,54,40,20,57,32,42,42,38,52,38,38,48,39,28,37,35,26,19,12,83,27,8,52,18,4,31,9,420,156,204,175,41,220,200,37,4,26,6.18,16,23,28,0,1,1,2,0,2,0,0,0,1,0,0,0,10,0,1,0,10,0,3,15,86,77,223,323,19,46,3,5,91,84,33,6,5,11,14,4,2,0,0
87,Round of 32,03 July 2026,Ghana,Colombia,False,0,1,4-1-2-3,45.4,0,0.26,8,0,390,329,84,77,3,74,15,29,297,37,36,72,105.6,5.2,39,12,18,12,4,12,1,7,5,5,0,4,32,20,4,7,4,1.5,22.46,130,239,51,164,54,40,17,53,33,41,45,35,55,39,38,46,39,26,36,36,24,19,7,95,18,6,64,8,1,31,10,195,71,100,70,25,87,108,30,7,18,4.86,16,22,34,0,2,2,0,0,0,0,0,0,0,2,0,0,14,0,0,2,16,0,2,16,45,50,81,154,10,21,0,3,51,22,22,1,1,8,13,1,0,1,0
88,Round of 32,03 July 2026,Australia,Egypt,True,1,1,3-4-3,35.4,1,0.74,16,2,520,428,82,115,11,145,23,31,373,32,56,105,148.1,6.5,30,13,15,15,4,17,2,7,5,4,0,4,19,40,4,10,6,1.62,21.52,197,377,54,235,54,36,20,53,33,39,41,35,56,43,36,49,42,25,37,36,19,19,9,100,64,4,60,39,5,40,25,381,132,148,179,54,197,184,51,8,16,4.28,33,72,47,1,2,3,0,0,0,1,0,1,2,1,0,0,14,0,0,3,17,0,4,26,67,95,157,293,15,36,4,4,73,56,54,6,7,11,22,5,0,0,0
88,Round of 32,03 July 2026,Egypt,Australia,False,1,1,4-4-2,64.6,1,1.23,14,4,729,638,88,113,20,176,22,23,304,56,42,74,142.4,6.2,46,15,16,21,2,10,1,5,5,4,0,2,23,13,4,17,11,1.41,17.86,112,292,59,184,58,41,16,60,33,42,49,32,58,43,37,49,41,27,38,35,24,18,5,91,67,4,53,35,1,38,32,552,222,245,243,64,263,289,57,10,46,4.5,31,73,38,1,3,4,1,2,3,0,0,0,4,0,0,0,12,0,0,0,12,0,7,19,124,103,254,366,49,30,2,9,107,75,33,7,8,13,23,7,1,1,1
89,Round of 16,04 July 2026,Paraguay,France,True,0,1,5-4-1,22.5,0,0.13,5,0,191,108,57,37,3,22,6,13,268,56,40,65,104.4,4.6,13,7,16,3,16,32,3,12,2,1,0,2,14,50,5,9,8,1.63,20.48,104,226,35,166,38,34,14,48,35,40,43,46,48,39,40,44,38,29,37,36,19,18,5,57,31,3,44,29,2,13,2,69,20,19,28,22,44,25,40,8,53,1.21,29,30,31,0,2,2,0,0,0,0,0,0,2,0,0,0,10,0,0,0,10,0,2,19,2,16,22,54,0,2,0,0,14,3,10,0,4,6,5,8,0,1,1
89,Round of 16,04 July 2026,France,Paraguay,False,1,0,4-2-3-1,77.5,1,1.93,15,5,587,526,90,103,10,241,20,36,95,23,37,75,104.8,4.3,42,16,18,33,1,9,2,6,3,3,0,7,7,4,4,32,24,1.94,8.01,29,69,14,41,53,41,19,55,31,47,48,28,63,39,33,55,38,28,35,32,28,21,1,50,74,1,14,22,0,36,52,267,97,179,70,18,121,146,44,8,18,7.5,15,30,42,6,2,8,2,2,4,0,0,0,8,0,0,0,12,0,0,0,12,1,12,17,113,82,106,193,41,26,2,3,74,22,9,0,3,7,5,1,0,0,0
90,Round of 16,04 July 2026,Canada,Morocco,True,0,3,4-4-2,37.5,0,0.68,10,3,368,282,77,79,12,120,27,21,273,57,48,80,116.2,6.9,24,15,16,19,4,20,1,12,6,5,1,6,38,5,5,17,12,1.55,13.99,128,286,34,173,51,37,22,51,30,45,38,29,64,40,31,48,40,24,44,33,22,20,7,62,57,4,39,36,3,23,21,292,97,133,125,34,159,133,47,10,36,3.5,26,49,52,4,3,7,4,0,4,0,0,0,3,2,1,1,14,0,1,3,17,0,11,24,67,60,97,209,19,26,2,4,57,38,26,1,7,14,5,8,1,1,0
90,Round of 16,04 July 2026,Morocco,Canada,False,3,0,4-2-3-1,62.5,3,0.85,5,4,499,420,84,72,9,44,6,29,189,41,46,68,108.8,5.7,41,12,14,4,4,17,2,7,4,4,1,3,13,22,5,20,15,1.61,10.41,68,155,28,108,58,34,22,55,33,37,40,39,52,39,34,46,38,25,36,33,20,16,6,81,22,3,43,14,3,38,8,251,82,55,141,55,145,106,54,9,20,3.88,34,50,50,0,1,1,0,0,0,0,0,0,0,1,0,0,24,0,0,2,26,0,1,23,16,47,105,184,3,7,1,4,34,24,45,1,6,38,11,4,1,4,1
91,Round of 16,05 July 2026,Brazil,Norway,True,1,2,4-1-2-3,32.1,1,2.57,14,4,347,298,86,73,12,129,16,30,401,69,38,59,113.3,5.5,35,9,22,23,3,16,3,4,5,4,0,7,27,28,4,9,7,1.49,25.23,185,321,60,234,51,44,17,56,30,44,45,33,58,44,35,47,41,26,38,36,22,19,6,40,60,3,26,29,3,14,31,297,111,178,85,34,161,136,48,8,47,3.1,23,34,25,4,0,4,1,0,1,0,0,0,3,0,0,1,4,0,0,1,5,2,5,13,103,81,106,241,37,29,5,2,78,38,15,2,2,9,18,4,0,2,0
91,Round of 16,05 July 2026,Norway,Brazil,False,2,1,4-1-2-3,67.9,2,1.41,9,5,683,627,92,125,7,178,17,28,185,23,28,68,120.5,5.4,46,17,10,17,4,9,1,4,4,0,0,5,14,30,6,16,12,1.53,16.03,75,131,36,110,54,38,20,53,31,44,44,32,57,40,37,51,39,22,35,33,25,17,9,99,50,7,43,27,2,56,23,364,156,175,142,47,184,180,32,7,24,6.16,19,31,27,1,3,4,0,1,1,0,0,0,4,0,0,0,7,0,0,1,8,0,5,14,101,59,142,246,21,39,8,6,62,42,27,4,3,6,22,4,0,2,0
92,Round of 16,05 July 2026,Mexico,England,True,2,3,4-1-2-3,59.4,2,2.01,20,5,485,448,92,103,8,206,49,20,182,52,33,62,112.0,4.7,47,12,22,34,2,7,0,6,5,6,0,2,16,10,5,19,13,1.58,14.56,67,144,19,109,53,41,20,55,30,47,48,28,63,42,37,49,41,26,39,37,23,20,1,39,94,0,25,36,1,14,58,435,156,273,128,34,209,226,36,4,29,7.19,13,27,43,5,6,11,1,0,1,0,0,0,5,5,0,1,6,0,0,0,6,1,12,24,138,130,210,316,34,42,5,7,130,47,22,1,1,6,20,1,0,0,0
92,Round of 16,05 July 2026,England,Mexico,False,3,2,4-2-3-1,40.6,3,2.12,6,5,254,204,80,53,9,43,8,17,243,36,28,48,106.7,3.9,26,13,10,8,12,19,1,8,3,1,0,2,16,49,4,7,5,1.55,22.28,124,213,28,167,51,35,21,55,31,41,43,37,54,38,38,49,38,24,37,34,17,17,2,61,22,1,39,17,1,22,5,227,89,56,120,51,109,118,36,6,25,1.95,30,25,28,1,0,1,1,0,1,0,0,0,1,0,0,0,11,0,0,2,13,1,2,12,23,36,83,152,3,7,2,2,32,50,18,2,7,4,14,9,2,0,0
93,Round of 16,06 July 2026,Portugal,Spain,True,0,1,4-2-3-1,41.7,0,0.91,10,2,459,378,82,102,10,101,12,36,342,27,43,63,112.8,5.3,31,17,17,14,4,15,2,6,4,4,0,8,19,27,3,12,8,1.54,19.11,160,297,57,193,55,40,16,56,32,43,47,36,55,42,37,50,41,29,39,37,23,19,6,95,40,5,47,21,1,48,19,315,110,125,133,57,159,156,50,15,26,4.59,14,22,37,1,1,2,0,1,1,0,0,0,2,0,0,0,13,0,0,1,14,0,3,20,46,65,117,215,9,18,0,5,65,43,24,3,12,7,25,2,0,2,0
93,Round of 16,06 July 2026,Spain,Portugal,False,1,0,4-1-2-3,58.3,1,1.72,15,6,548,490,89,143,16,144,18,29,294,45,55,57,115.4,6.1,36,16,18,18,2,12,1,5,9,4,0,9,17,21,3,15,12,1.78,13.75,113,217,50,180,57,40,17,55,30,45,46,32,58,42,37,49,40,25,38,38,23,18,6,91,81,3,52,47,3,39,34,395,155,176,158,61,246,149,54,9,35,4.5,26,24,35,3,3,6,0,1,1,0,0,0,5,1,0,0,9,1,0,2,11,0,7,17,96,114,189,315,15,40,4,2,98,56,42,8,3,12,22,10,0,3,0
94,Round of 16,06 July 2026,USA,Belgium,True,1,4,3-5-2,51.2,1,0.33,7,2,553,483,87,126,14,123,13,28,232,39,41,68,119.2,5.9,38,18,19,14,1,12,2,7,8,5,1,9,15,12,8,19,13,1.59,13.19,93,198,41,146,54,39,20,53,31,45,45,32,58,38,34,50,35,27,39,32,26,16,4,102,51,2,50,23,2,52,28,400,146,190,175,35,204,196,42,5,37,4.49,25,33,38,0,3,3,0,0,0,0,0,0,0,3,0,0,9,1,0,1,10,0,3,25,69,102,203,316,29,36,4,2,92,77,30,6,7,10,20,1,1,1,0
94,Round of 16,06 July 2026,Belgium,USA,False,4,1,4-2-3-1,48.7,4,1.99,15,7,423,340,80,79,7,94,19,26,295,57,48,90,117.9,6.0,27,11,10,14,9,19,2,7,3,7,1,3,26,28,4,12,8,1.55,16.96,143,276,43,166,54,37,19,52,33,39,41,36,55,39,38,47,38,27,35,36,24,19,7,70,53,4,50,33,3,20,20,239,91,78,93,68,113,126,43,7,34,4.07,25,34,34,2,2,4,1,0,1,0,0,0,0,4,0,0,11,0,0,0,11,0,5,18,43,37,71,170,8,13,1,1,49,19,26,0,2,17,27,6,1,0,0
95,Round of 16,07 July 2026,Argentina,Egypt,True,3,2,4-1-3-2,57.1,3,2.63,19,7,618,558,90,129,12,231,26,32,190,36,39,65,110.4,5.5,39,25,14,24,2,9,0,5,10,7,0,9,18,13,4,13,8,1.67,14.06,89,225,28,122,53,37,22,52,31,46,44,32,58,41,37,48,41,29,35,36,27,18,5,72,78,2,35,41,3,37,37,394,166,221,134,39,205,189,39,10,32,6.01,22,24,36,1,4,5,0,1,1,0,0,0,4,1,0,0,10,0,1,0,10,1,6,19,121,89,223,319,48,35,5,6,105,58,23,6,3,10,12,8,0,0,0
95,Round of 16,07 July 2026,Egypt,Argentina,False,2,3,4-2-3-1,42.9,2,0.76,5,2,382,316,83,80,4,54,8,35,380,39,27,39,115.9,5.7,31,18,17,9,5,13,2,10,4,4,2,3,14,40,3,9,7,1.68,21.27,177,323,62,218,55,40,16,57,33,38,47,37,54,40,33,48,38,26,37,34,21,18,9,94,25,4,59,16,5,35,9,316,130,82,163,71,129,187,29,5,30,3.04,19,24,42,0,0,0,0,1,1,0,0,0,0,0,0,0,13,0,0,3,16,0,1,25,38,55,132,207,11,14,8,6,26,45,32,7,8,10,27,8,2,3,0
96,Round of 16,07 July 2026,Switzerland,Colombia,True,0,0,4-1-2-3,48.3,0,0.58,7,2,641,561,88,126,13,123,16,26,316,60,49,68,140.7,6.6,38,14,18,12,3,10,1,6,7,5,1,8,25,15,4,13,10,1.68,13.64,139,298,48,172,58,39,19,55,32,41,45,35,56,40,35,48,39,29,38,36,23,20,6,126,33,4,71,18,2,55,15,515,188,168,239,108,271,244,47,6,30,4.73,36,52,50,2,1,3,0,0,0,0,0,0,1,2,0,0,21,0,1,4,25,0,3,22,70,140,240,385,8,34,6,7,83,78,68,7,9,28,38,17,1,1,0
96,Round of 16,07 July 2026,Colombia,Switzerland,False,0,0,4-1-2-3,51.7,0,0.97,15,3,562,462,82,120,4,89,17,21,338,53,52,82,136.9,6.2,37,16,16,9,6,13,1,6,6,4,1,10,28,13,3,10,8,1.42,16.57,158,332,71,184,55,39,19,54,33,41,45,37,53,38,37,48,38,27,38,36,27,16,7,126,40,2,73,30,5,53,10,431,142,144,189,98,183,248,51,11,30,5.47,17,56,53,3,3,6,0,1,1,0,0,0,3,3,0,0,22,0,0,5,27,0,7,19,49,86,188,305,14,11,1,1,95,46,37,4,10,34,32,17,1,2,0
97,Quarter-final,09 July 2026,France,Morocco,True,2,0,4-2-3-1,46.5,2,3.52,22,8,497,450,91,104,9,163,13,43,263,31,38,51,108.6,5.3,33,18,21,24,2,13,2,7,5,2,1,11,32,17,4,9,7,1.48,18.42,117,253,38,171,56,39,18,58,30,45,46,28,62,42,34,52,42,25,40,37,21,18,3,63,61,1,32,26,2,31,35,333,129,170,135,28,176,157,37,11,27,5.05,31,19,35,2,0,2,1,2,3,0,0,0,1,1,0,0,12,0,0,0,12,1,5,17,95,86,128,249,18,29,5,6,85,47,26,4,7,9,9,3,0,1,0
97,Quarter-final,09 July 2026,Morocco,France,False,0,2,4-2-3-1,53.5,0,0.16,5,1,539,469,87,76,6,92,16,32,286,42,36,54,108.3,5.1,40,19,15,11,3,9,1,6,4,5,1,3,22,33,6,13,9,1.67,16.01,129,202,45,164,55,34,18,56,32,38,44,33,57,42,37,49,41,23,36,36,18,16,2,79,31,2,39,15,0,40,16,306,125,89,155,62,172,134,30,3,38,4.53,24,17,33,2,1,3,1,1,2,0,0,0,2,1,0,0,10,0,1,0,10,0,5,18,41,77,144,247,13,17,2,3,43,59,30,5,10,22,23,15,0,4,1
98,Quarter-final,10 July 2026,Spain,Belgium,True,2,1,4-2-3-1,61.6,2,2.2,17,8,693,625,90,159,18,250,21,36,206,23,37,71,114.6,5.3,39,15,22,27,2,9,0,8,11,7,0,7,16,10,4,16,11,1.56,11.56,104,180,28,129,55,38,21,54,30,44,44,30,60,41,36,49,40,27,39,36,22,18,2,89,103,1,45,42,1,44,61,519,186,288,187,44,317,202,52,11,20,7.6,18,28,46,2,0,2,0,3,3,0,0,0,2,0,0,0,18,1,0,1,19,0,5,22,166,170,235,417,42,59,11,2,136,68,48,5,5,16,15,8,1,1,0
98,Quarter-final,10 July 2026,Belgium,Spain,False,1,2,4-2-3-1,38.4,1,0.34,5,2,320,254,79,80,9,54,12,27,339,37,40,50,116.2,5.6,25,14,16,11,10,16,3,9,3,2,1,3,28,38,3,9,6,1.44,20.03,172,336,49,211,54,39,19,53,33,39,42,34,56,39,35,49,38,24,38,34,24,18,3,95,25,2,60,18,1,35,7,190,72,67,76,47,104,86,33,5,33,2.61,21,29,32,0,1,1,0,0,0,0,0,0,0,1,0,0,13,0,0,3,16,0,1,15,34,47,62,135,3,9,2,4,38,9,19,6,5,11,16,9,1,3,0
99,Quarter-final,11 July 2026,Norway,England,True,1,2,4-1-2-3,44.2,1,0.87,13,4,582,504,87,100,3,144,18,23,324,56,33,67,148.9,6.2,40,21,12,18,5,12,1,4,4,4,1,5,20,37,3,9,8,1.7,20.03,134,273,46,202,52,39,21,54,32,44,46,29,62,40,36,51,39,23,35,36,23,18,3,77,68,1,45,34,2,32,34,440,191,177,168,95,226,214,45,8,41,4.4,22,42,35,4,3,7,0,0,0,0,0,0,7,0,0,0,8,0,0,4,12,0,7,16,92,58,202,284,24,27,4,2,78,54,21,9,2,7,44,10,0,2,0
99,Quarter-final,11 July 2026,England,Norway,False,2,1,4-2-3-1,55.8,2,1.64,14,7,653,593,91,121,15,174,21,40,304,51,42,58,140.8,5.5,39,15,18,20,2,9,1,5,8,4,0,4,20,30,4,12,8,1.9,18.08,149,285,41,187,53,40,17,56,28,48,45,33,58,41,39,47,39,28,39,35,17,18,7,70,80,3,39,34,4,31,46,480,216,215,181,84,273,207,47,8,24,5.7,19,41,42,1,3,4,0,0,0,0,0,0,2,2,0,0,10,0,1,1,11,0,4,27,110,109,215,341,62,23,4,2,87,78,32,3,3,13,24,10,0,0,0
