team,Control,Access,Line-breaking,Defensive approach,Attacking approach,Chance threat,matches,xg_for_per_match,xg_against_per_match,goals_per_match,xg_diff_per_match,goals_minus_xg_per_match,Control_pctile,Access_pctile,Line-breaking_pctile,Defensive approach_pctile,Attacking approach_pctile,Chance threat_pctile,Control_pctile_low,Control_pctile_high,Control_pctile_width,Control_loo_sd,Control_max_abs_delta,Access_pctile_low,Access_pctile_high,Access_pctile_width,Access_loo_sd,Access_max_abs_delta,Line-breaking_pctile_low,Line-breaking_pctile_high,Line-breaking_pctile_width,Line-breaking_loo_sd,Line-breaking_max_abs_delta,Defensive approach_pctile_low,Defensive approach_pctile_high,Defensive approach_pctile_width,Defensive approach_loo_sd,Defensive approach_max_abs_delta,Attacking approach_pctile_low,Attacking approach_pctile_high,Attacking approach_pctile_width,Attacking approach_loo_sd,Attacking approach_max_abs_delta,Chance threat_pctile_low,Chance threat_pctile_high,Chance threat_pctile_width,Chance threat_loo_sd,Chance threat_max_abs_delta,mean_pctile_uncertainty_width,max_pctile_uncertainty_width,max_score_shift_leave_one_out,stability_flag
Algeria,0.920750490505303,0.5592558605441447,-0.4528014054866509,1.2273975546122844,1.8642905657301476,-0.10871714639233919,4,1.1825,1.23,1.25,-0.047499999999999876,0.0674999999999999,100.0,91.66666666666666,33.33333333333333,95.83333333333334,100.0,56.25,93.75,100.0,6.25,0.10490010530448511,0.13362945835658435,70.83333333333334,93.75,22.916666666666657,0.17143640081303319,0.24042079428095603,4.166666666666666,41.66666666666667,37.50000000000001,0.2645080811043107,0.43430682338838905,89.58333333333334,97.91666666666666,8.333333333333314,0.20023577081671828,0.2842688535154575,97.91666666666666,100.0,2.083333333333343,0.11983875620079669,0.20565321863947483,41.66666666666667,66.66666666666666,24.999999999999986,0.2509100367836752,0.33567628157141777,17.013888888888882,37.50000000000001,0.43430682338838905,Sample-sensitive
Argentina,0.5499953870950209,0.52885602528837,-0.6378519025778708,-0.21510238532119183,1.1155029728874555,0.7590108783038045,8,1.93,0.8375,2.375,1.0924999999999998,0.44500000000000006,87.5,89.58333333333334,16.666666666666664,45.83333333333333,89.58333333333334,91.66666666666666,75.0,93.75,18.75,0.09911984567700032,0.20434505629880795,83.33333333333334,93.75,10.416666666666657,0.10970046738413228,0.18382357100333824,4.166666666666666,22.916666666666664,18.75,0.08748054765084909,0.1992406036122062,33.33333333333333,56.25,22.91666666666667,0.14532384204538568,0.1991260396408266,85.41666666666666,93.75,8.333333333333343,0.1578597884272379,0.29230902761124433,85.41666666666666,100.0,14.583333333333343,0.1380738692049144,0.3084518157543865,15.625000000000002,22.91666666666667,0.3084518157543865,Moderate
Australia,-0.7527281185238093,-0.5718105999672829,0.42678353557536564,-0.6216782722370152,-1.442683050287444,-0.6862351293840869,4,0.685,1.19,0.75,-0.5049999999999999,0.06499999999999995,20.833333333333336,27.083333333333332,83.33333333333334,22.916666666666664,16.666666666666664,27.083333333333332,6.25,31.25,25.0,0.2442360567422177,0.37499821104558184,12.5,35.41666666666667,22.91666666666667,0.16436402949391585,0.24584132496665023,56.25,91.66666666666666,35.41666666666666,0.391147220990002,0.5875808467040223,14.583333333333334,39.58333333333333,24.999999999999993,0.19960242575547868,0.32467209058638996,6.25,22.916666666666664,16.666666666666664,0.3648611360484668,0.5882364505019193,16.666666666666664,35.41666666666667,18.750000000000007,0.09416807810554563,0.1451050208521979,23.95833333333333,35.41666666666666,0.5882364505019193,Sample-sensitive
Austria,-0.09797048920332431,-0.30329047807172843,0.19918601104860556,-0.5149412922314988,-0.21778856986783252,-0.3582977822581196,4,0.9675,1.6925000000000001,1.5,-0.7250000000000001,0.5325,45.83333333333333,47.91666666666667,70.83333333333334,29.166666666666668,43.75,45.83333333333333,37.5,52.083333333333336,14.583333333333336,0.13215311948158023,0.19632946716381616,25.0,50.0,25.0,0.21887167319411924,0.2988027319984678,56.25,87.5,31.25,0.1761589454040437,0.2950927894651957,14.583333333333334,56.25,41.666666666666664,0.3218663296805545,0.5273617960860961,39.58333333333333,50.0,10.416666666666671,0.29937026600812966,0.4627804793894055,25.0,56.25,31.25,0.24193261681118253,0.37243622018730793,25.694444444444446,41.666666666666664,0.5273617960860961,Sample-sensitive
Belgium,0.037124610057555,0.5150874343898555,0.3350676082400728,-0.4452040682184659,0.023732074931550384,0.5713417180016286,6,1.7683333333333333,1.0216666666666667,2.3333333333333335,0.7466666666666666,0.5650000000000002,52.083333333333336,85.41666666666666,77.08333333333334,33.33333333333333,47.91666666666667,81.25,43.75,60.416666666666664,16.666666666666664,0.12123347647657468,0.1967780649773639,62.5,93.75,31.25,0.23028880292020923,0.3295187628088213,62.5,87.5,25.0,0.14413290149602598,0.21092841598215004,18.75,43.75,25.0,0.1515027325452687,0.2311544766925232,39.58333333333333,58.333333333333336,18.750000000000007,0.24751273170981966,0.38752054909320066,64.58333333333334,91.66666666666666,27.083333333333314,0.26123947905075307,0.5157999807892797,23.95833333333333,31.25,0.5157999807892797,Sample-sensitive
Bosnia and Herzegovina,-0.4402062908109436,-0.8206859880169582,-0.6410366590489415,-0.3808595292205235,-0.9021064821349276,-0.8893821585771641,4,0.51,1.3275000000000001,1.25,-0.8175000000000001,0.74,33.33333333333333,12.5,14.583333333333334,35.41666666666667,31.25,8.333333333333332,27.083333333333332,45.83333333333333,18.749999999999996,0.2276092270531418,0.3464178070046413,4.166666666666666,25.0,20.833333333333336,0.17419376383800003,0.24523242426824932,12.5,27.083333333333332,14.583333333333332,0.07421342201759297,0.1182790818526207,22.916666666666664,50.0,27.083333333333336,0.2022691564905403,0.3079982315182928,8.333333333333332,50.0,41.66666666666667,0.7081057076695974,1.1229653696374442,4.166666666666666,16.666666666666664,12.499999999999998,0.09944606043582502,0.11608401668175838,22.569444444444443,41.66666666666667,1.1229653696374442,Sample-sensitive
Brazil,0.33434562508638876,0.3977282094909127,0.23108825092432372,0.1729040864834928,0.42820213335235735,1.04457755934093,5,2.1759999999999997,0.79,2.0,1.3859999999999997,-0.1759999999999997,70.83333333333334,81.25,75.0,68.75,64.58333333333334,97.91666666666666,54.166666666666664,87.5,33.333333333333336,0.1545743071811545,0.25549384805117703,56.25,91.66666666666666,35.41666666666666,0.17150412113487412,0.3290208718685208,50.0,85.41666666666666,35.41666666666666,0.17087982047169506,0.3056806179478746,50.0,79.16666666666666,29.166666666666657,0.1992555739166662,0.26090144960618045,47.91666666666667,85.41666666666666,37.499999999999986,0.30183307893067257,0.5207342140439664,81.25,100.0,18.75,0.28164791099922204,0.46549690689385104,31.597222222222218,37.499999999999986,0.5207342140439664,Sample-sensitive
Cabo Verde,-0.6903966969823143,-0.6081752122905456,-0.9309661367108312,-1.5302563897962818,-1.449929496015835,-0.7384729368908781,4,0.64,1.8925,1.0,-1.2525,0.36,25.0,25.0,4.166666666666666,2.083333333333333,14.583333333333334,25.0,10.416666666666668,33.33333333333333,22.91666666666666,0.20439192074180068,0.2739493938650605,8.333333333333332,41.66666666666667,33.33333333333334,0.19119698172186927,0.25886830566513536,0.0,12.5,12.5,0.29653401980126814,0.49242581209750436,0.0,4.166666666666666,4.166666666666666,0.3075720154940224,0.5309205028934849,8.333333333333332,22.916666666666664,14.583333333333332,0.32705534875628633,0.3879767640848857,2.083333333333333,35.41666666666667,33.333333333333336,0.1749196071258379,0.2824711072589453,20.13888888888889,33.33333333333334,0.5309205028934849,Sample-sensitive
Canada,-0.2522886480323215,0.32803014970552646,0.9638865568734041,1.644470332521108,-0.5684660945025273,0.6104233369511539,5,1.802,0.73,1.8,1.072,-0.0020000000000000018,37.5,72.91666666666666,91.66666666666666,100.0,37.5,83.33333333333334,27.083333333333332,47.91666666666667,20.83333333333334,0.20905079424287829,0.39825342604043806,50.0,87.5,37.5,0.29049343920629994,0.5728671298429733,89.58333333333334,95.83333333333334,6.25,0.24069452899628385,0.3075372742562268,95.83333333333334,100.0,4.166666666666657,0.22352265230699522,0.30036487262786427,20.833333333333336,41.66666666666667,20.833333333333336,0.34779344934393847,0.6471815266610546,60.416666666666664,91.66666666666666,31.249999999999993,0.3183719234148618,0.6088606674958226,20.13888888888889,37.5,0.6471815266610546,Sample-sensitive
Colombia,0.5018051593940356,0.3351491874860079,-0.5749872263513904,0.04288307063137835,1.1813401154062952,0.2180593605668107,5,1.464,0.6679999999999999,1.0,0.796,-0.46399999999999997,81.25,75.0,22.916666666666664,58.333333333333336,91.66666666666666,68.75,72.91666666666666,89.58333333333334,16.666666666666686,0.08885458275276428,0.15745626517597167,66.66666666666666,83.33333333333334,16.666666666666686,0.07195614561661512,0.13192225730911605,6.25,39.58333333333333,33.33333333333333,0.18757613807242784,0.2416014927190966,50.0,66.66666666666666,16.666666666666657,0.09741868656022933,0.18861948666471978,85.41666666666666,93.75,8.333333333333343,0.13227808157793994,0.24867816135183207,64.58333333333334,72.91666666666666,8.333333333333314,0.10087627578480615,0.1433637606019716,16.666666666666668,33.33333333333333,0.24867816135183207,Sample-sensitive
Congo DR,-0.6077528021933233,-0.36549116383896496,-0.3371372391410294,-0.23684114263758393,-1.242436216554032,-0.40473138893082294,4,0.9275,1.005,1.25,-0.0774999999999999,0.3225,29.166666666666668,39.58333333333333,39.58333333333333,43.75,20.833333333333336,43.75,14.583333333333334,33.33333333333333,18.749999999999993,0.18985530685302712,0.25590435058061456,18.75,50.0,31.25,0.2006583181157349,0.34074363867219937,27.083333333333332,43.75,16.666666666666668,0.1416364562944891,0.19633684379407618,27.083333333333332,56.25,29.166666666666668,0.20251627912078798,0.2805496209533562,8.333333333333332,31.25,22.916666666666668,0.35098880438891855,0.534659054853227,8.333333333333332,47.91666666666667,39.58333333333334,0.2658886459679118,0.4575644990872641,26.38888888888889,39.58333333333334,0.534659054853227,Sample-sensitive
Croatia,0.30517660767082594,-0.323518326751933,-0.019965199509219732,0.3082082691923761,0.5166186232128066,-0.5266196064466693,4,0.8225,1.67,1.5,-0.8474999999999999,0.6775,66.66666666666666,43.75,54.166666666666664,75.0,68.75,39.58333333333333,56.25,77.08333333333334,20.833333333333343,0.11163083871601376,0.1693020758691171,33.33333333333333,50.0,16.66666666666667,0.07131351395585044,0.11456046808319875,35.41666666666667,66.66666666666666,31.249999999999986,0.21424215317751216,0.3639220781408396,43.75,83.33333333333334,39.58333333333334,0.3718507219132044,0.5337034944398181,50.0,85.41666666666666,35.41666666666666,0.2411429813507896,0.39413662653710246,29.166666666666668,43.75,14.583333333333332,0.09440132131129651,0.13446398598970344,26.38888888888889,39.58333333333334,0.5337034944398181,Sample-sensitive
Curaçao,-1.0112527535965514,-0.9962612508529891,-0.5648408093505797,-1.091631181382229,-2.0376237132349924,-0.8274706830135595,3,0.5633333333333334,2.6199999999999997,0.3333333333333333,-2.056666666666666,-0.23000000000000004,10.416666666666668,8.333333333333332,25.0,10.416666666666668,6.25,12.5,6.25,29.166666666666668,22.916666666666668,0.29005515429716694,0.40636127768717634,4.166666666666666,8.333333333333332,4.166666666666666,0.11597654466904961,0.16393746644768004,2.083333333333333,54.166666666666664,52.08333333333333,0.4293577244815776,0.5605896635631031,4.166666666666666,12.5,8.333333333333334,0.1469177924001326,0.20754691324599372,4.166666666666666,35.41666666666667,31.250000000000007,1.0240196035318958,1.4281029720189256,8.333333333333332,25.0,16.666666666666668,0.06741096123317547,0.09480194695676913,22.569444444444443,52.08333333333333,1.4281029720189256,Sample-sensitive
Czechia,-0.8809650215269101,-0.8046452587191316,-0.518783995420066,0.06683706783300558,-0.6719688989979339,-0.5372606413091637,3,0.8133333333333335,1.7366666666666666,0.6666666666666666,-0.9233333333333331,-0.14666666666666683,12.5,14.583333333333334,29.166666666666668,62.5,33.33333333333333,37.5,6.25,22.916666666666664,16.666666666666664,0.18618072857628865,0.2600793313996296,8.333333333333332,18.75,10.416666666666668,0.0578317853002946,0.08176581664220961,18.75,33.33333333333333,14.583333333333329,0.06090841363021044,0.07955717141516738,41.66666666666667,77.08333333333334,35.41666666666667,0.23474155979772393,0.3109896502579184,16.666666666666664,43.75,27.083333333333336,0.5423995524204239,0.7473704077628783,10.416666666666668,45.83333333333333,35.41666666666666,0.22931286788176855,0.3172963122634729,23.263888888888886,35.41666666666667,0.7473704077628783,Sample-sensitive
Côte d'Ivoire,0.17289395290327247,-0.2969268913445196,0.3797508703222918,-0.06858199180144889,-0.08491841716301729,0.11764668613708965,4,1.3775,1.6975000000000002,1.25,-0.3200000000000003,-0.12749999999999995,56.25,50.0,79.16666666666666,52.083333333333336,45.83333333333333,66.66666666666666,45.83333333333333,64.58333333333334,18.750000000000014,0.1398930952861517,0.2322903246781458,37.5,50.0,12.5,0.08025850568613818,0.1301103152696972,43.75,89.58333333333334,45.83333333333334,0.324203348016713,0.5243986335480078,33.33333333333333,79.16666666666666,45.83333333333333,0.3155460150241044,0.428619643934091,35.41666666666667,50.0,14.583333333333329,0.3167973702576306,0.5143321346457089,56.25,72.91666666666666,16.666666666666657,0.13222527769606993,0.1944407279419452,25.694444444444443,45.83333333333334,0.5243986335480078,Sample-sensitive
Ecuador,0.39159374695913196,0.024538446603530495,-0.08222217681362896,0.09771647678783696,0.5802302884571476,0.2250244015677161,4,1.47,1.2774999999999999,0.5,0.19250000000000012,-0.97,75.0,54.166666666666664,50.0,66.66666666666666,70.83333333333334,70.83333333333334,52.083333333333336,91.66666666666666,39.58333333333332,0.20370456126588313,0.30628028509065053,33.33333333333333,64.58333333333334,31.250000000000014,0.29715220021180205,0.5127032944297473,33.33333333333333,58.333333333333336,25.000000000000007,0.18010416612774846,0.3077915035009439,47.91666666666667,79.16666666666666,31.249999999999986,0.23690441350006697,0.27270901749624604,50.0,93.75,43.75,0.4763736510535166,0.8131566457261987,45.83333333333333,83.33333333333334,37.500000000000014,0.31841506978143663,0.4991612717315609,34.72222222222222,43.75,0.8131566457261987,Sample-sensitive
Egypt,0.3521133309777193,0.05030083483689707,0.0849361389195411,-0.1957362569317104,0.4190678484461262,-0.14876613214754575,5,1.1480000000000001,1.4780000000000002,1.6,-0.33000000000000007,0.45199999999999996,72.91666666666666,56.25,62.5,47.91666666666667,62.5,52.083333333333336,56.25,87.5,31.25,0.1266946052162635,0.1981336347761316,50.0,68.75,18.75,0.18056297495524165,0.2642382574175454,50.0,77.08333333333334,27.083333333333343,0.17345912808151698,0.28111342687265073,31.25,66.66666666666666,35.41666666666666,0.25175373808250284,0.3631153890964197,50.0,75.0,25.0,0.20649450364954433,0.2681898680619728,41.66666666666667,58.333333333333336,16.666666666666664,0.14742441604968454,0.2762799597025849,25.694444444444443,35.41666666666666,0.3631153890964197,Sample-sensitive
England,0.44372173366690254,0.3986725047735681,1.4395037792553436,0.2311795724732902,0.7349829083627608,0.6995178197544034,8,1.87875,1.2325,2.5,0.64625,0.6212500000000001,77.08333333333334,83.33333333333334,97.91666666666666,72.91666666666666,77.08333333333334,89.58333333333334,62.5,89.58333333333334,27.083333333333343,0.11495028485252201,0.1749596536192206,66.66666666666666,91.66666666666666,25.0,0.13719166610870787,0.22943157126280983,93.75,100.0,6.25,0.15804279899838614,0.2797555396336229,56.25,81.25,25.0,0.1896504222703336,0.2560098932816911,58.333333333333336,85.41666666666666,27.08333333333332,0.19076649063766754,0.3494470174555938,79.16666666666666,91.66666666666666,12.5,0.1250027672529406,0.24066704172771686,20.48611111111111,27.083333333333343,0.3494470174555938,Moderate
France,0.5108613641899581,0.3782390358406691,0.5617480560975253,0.8328538251487547,0.5843090903301573,0.9549026564542717,8,2.09875,1.01125,2.5,1.0875,0.4012500000000001,83.33333333333334,77.08333333333334,89.58333333333334,89.58333333333334,72.91666666666666,93.75,70.83333333333334,89.58333333333334,18.75,0.07346156262241416,0.15955423937579477,70.83333333333334,83.33333333333334,12.5,0.049223908225378435,0.07303941822363247,79.16666666666666,89.58333333333334,10.416666666666686,0.12957349378246485,0.18164296060795898,81.25,89.58333333333334,8.333333333333343,0.11919861978524565,0.17300956580992677,58.333333333333336,75.0,16.666666666666664,0.09300058920748452,0.1741319408942016,89.58333333333334,100.0,10.416666666666657,0.16029719162549508,0.2684442885765663,12.847222222222223,18.75,0.2684442885765663,Moderate
Germany,0.7445256038511261,1.013731540893304,-0.3873218760022466,0.7562121021017811,1.3220166492345387,1.0231020162548048,4,2.1575,0.8925,2.75,1.2650000000000001,0.5924999999999998,93.75,95.83333333333334,35.41666666666667,85.41666666666666,93.75,95.83333333333334,89.58333333333334,93.75,4.166666666666657,0.07565175870475896,0.11748325776945134,93.75,95.83333333333334,2.083333333333343,0.24443935469788272,0.32738960223224267,8.333333333333332,50.0,41.66666666666667,0.28292370208544027,0.38961953019678625,79.16666666666666,93.75,14.583333333333343,0.29334614919584984,0.419141084059252,89.58333333333334,93.75,4.166666666666657,0.1279641787995082,0.1819051933710205,70.83333333333334,100.0,29.166666666666657,0.5111753300156874,0.7787302785734622,15.972222222222221,41.66666666666667,0.7787302785734622,Sample-sensitive
Ghana,-0.6698431819429982,-1.0614956791604706,0.07746882605900024,-0.6670608651102514,-1.362121003982615,-0.8052212464828893,4,0.5825,1.2075,0.5,-0.625,-0.08250000000000002,27.083333333333332,6.25,60.416666666666664,20.833333333333336,18.75,16.666666666666664,10.416666666666668,37.5,27.083333333333332,0.2708193218392622,0.4307998499630653,2.083333333333333,8.333333333333332,6.249999999999999,0.13556439146799387,0.21691585786886802,37.5,87.5,50.0,0.41743859932839467,0.46811802076109715,12.5,50.0,37.5,0.32850427753139017,0.532726728547093,4.166666666666666,43.75,39.583333333333336,0.7805148729045362,1.2697106035637633,4.166666666666666,27.083333333333332,22.916666666666664,0.11427628179164777,0.15381132210332993,30.555555555555554,50.0,1.2697106035637633,Sample-sensitive
Haiti,-0.16013419163893264,-0.534974896374278,-0.5547451576613583,-0.32214494061693494,-0.5319739319250476,-0.8584264207953618,3,0.5366666666666666,1.4833333333333334,0.6666666666666666,-0.9466666666666668,0.13,41.66666666666667,31.25,27.083333333333332,39.58333333333333,39.58333333333333,10.416666666666668,33.33333333333333,54.166666666666664,20.833333333333336,0.23748432101235462,0.32172948477827995,8.333333333333332,50.0,41.66666666666667,0.3047351291988011,0.41874986345832144,2.083333333333333,41.66666666666667,39.583333333333336,0.35785035198577214,0.502399346048164,18.75,56.25,37.5,0.2851668695914449,0.3605399997191237,29.166666666666668,50.0,20.833333333333332,0.48649419869316163,0.6866170694817209,4.166666666666666,25.0,20.833333333333336,0.11416567794058012,0.16058288974309898,30.20833333333334,41.66666666666667,0.6866170694817209,Sample-sensitive
IR Iran,-0.8763183488635525,-0.7771972160485624,-0.02628982231415511,-1.0412343938899422,-1.4610091802266745,0.2869358771313207,3,1.5233333333333334,1.29,1.0,0.2333333333333334,-0.5233333333333334,14.583333333333334,18.75,52.083333333333336,12.5,12.5,72.91666666666666,10.416666666666668,27.083333333333332,16.666666666666664,0.1504113316559315,0.21262765412017692,6.25,31.25,25.0,0.21756812868122033,0.27327097933625166,4.166666666666666,87.5,83.33333333333333,0.5776064253126733,0.8118736896992348,4.166666666666666,16.666666666666664,12.499999999999998,0.28056247802364553,0.35434992374919316,10.416666666666668,18.75,8.333333333333332,0.08881733084201228,0.12526361421461885,54.166666666666664,91.66666666666666,37.49999999999999,0.4380623142166391,0.6055716203565062,30.555555555555557,83.33333333333333,0.8118736896992348,Sample-sensitive
Iraq,-0.7201002791377701,-0.5559044100965117,-0.12520895384957353,-1.2160290388037767,-1.0599841271812764,-0.6649530596590979,3,0.7033333333333333,2.47,0.3333333333333333,-1.766666666666667,-0.36999999999999994,22.916666666666664,29.166666666666668,47.91666666666667,6.25,25.0,29.166666666666668,6.25,33.33333333333333,27.08333333333333,0.3268295435373687,0.43421321535529567,8.333333333333332,50.0,41.66666666666667,0.2857877502979051,0.36592108578035587,8.333333333333332,75.0,66.66666666666667,0.4555747733981977,0.6405030474079185,0.0,16.666666666666664,16.666666666666664,0.5673006049171624,0.801553323626438,4.166666666666666,39.58333333333333,35.416666666666664,0.7285281807658514,1.0135004846530655,4.166666666666666,43.75,39.583333333333336,0.23458994085053556,0.28827530809303326,37.84722222222222,66.66666666666667,1.0135004846530655,Sample-sensitive
Japan,0.014528974110350326,0.1847180176716955,0.04798725717457722,-0.5631088553061075,0.12276563388549266,-0.5585427110341528,4,0.795,0.8325,2.0,-0.03749999999999998,1.205,50.0,62.5,58.333333333333336,25.0,50.0,35.41666666666667,35.41666666666667,56.25,20.83333333333333,0.1953249322522784,0.3328028354870438,52.083333333333336,83.33333333333334,31.250000000000007,0.15679277991272061,0.22748208173314882,29.166666666666668,75.0,45.83333333333333,0.3098687613045804,0.5352981271262431,14.583333333333334,50.0,35.416666666666664,0.29737594115943256,0.45156275997768724,39.58333333333333,68.75,29.16666666666667,0.34521579835908767,0.5232356008994163,16.666666666666664,45.83333333333333,29.166666666666664,0.19280472264243062,0.21862489808397823,31.944444444444443,45.83333333333333,0.5352981271262431,Sample-sensitive
Jordan,-1.371860328541738,-0.8289161017636233,1.0743837320743534,-0.28689252959585526,-3.0847183997751126,-0.7578202730045046,3,0.6233333333333334,2.1666666666666665,1.0,-1.543333333333333,0.3766666666666666,4.166666666666666,10.416666666666668,93.75,41.66666666666667,4.166666666666666,20.833333333333336,2.083333333333333,6.25,4.166666666666667,0.17093927962076985,0.21615283224966508,6.25,18.75,12.5,0.14143801480341672,0.18705892923314282,77.08333333333334,100.0,22.916666666666657,0.7239485321435398,0.9971429203679152,22.916666666666664,56.25,33.333333333333336,0.2312588799426683,0.3042501043476334,0.0,4.166666666666666,4.166666666666666,0.6735272948044746,0.8946509707839474,4.166666666666666,31.25,27.083333333333336,0.14267266651688998,0.19540809474762655,17.36111111111111,33.333333333333336,0.9971429203679152,Sample-sensitive
Korea Republic,0.8461753419305523,0.2772113385700598,-0.003039200988593486,1.1127010022698463,1.4648957004922387,-0.17353072237298753,3,1.1266666666666667,0.6233333333333334,0.6666666666666666,0.5033333333333333,-0.4600000000000001,95.83333333333334,68.75,56.25,93.75,95.83333333333334,50.0,85.41666666666666,100.0,14.583333333333343,0.2109453705336385,0.2973223779757087,50.0,87.5,37.5,0.27238817238309815,0.3791301889978448,35.41666666666667,75.0,39.58333333333333,0.2778548353928017,0.3806040962447842,87.5,97.91666666666666,10.416666666666657,0.312887679395978,0.43489353704763456,91.66666666666666,97.91666666666666,6.25,0.28758241823984493,0.39475650292919484,35.41666666666667,64.58333333333334,29.16666666666667,0.2658270473557268,0.37340358699298937,22.916666666666668,39.58333333333333,0.43489353704763456,Sample-sensitive
Mexico,0.14753795885178084,0.20339018007833326,-0.29670361001440415,0.3090694247262653,0.4161098040174733,0.3968287462567185,5,1.6179999999999999,0.8,2.0,0.8179999999999998,0.3820000000000001,54.166666666666664,64.58333333333334,41.66666666666667,77.08333333333334,60.416666666666664,77.08333333333334,45.83333333333333,72.91666666666666,27.08333333333333,0.17238004691570025,0.23033068743314156,52.083333333333336,75.0,22.916666666666664,0.1272957268132309,0.22033067489762515,12.5,50.0,37.5,0.19682951710585206,0.3591297375166633,56.25,81.25,25.0,0.2117258563649687,0.31611798488065246,45.83333333333333,85.41666666666666,39.58333333333333,0.37209645269497527,0.607666309782757,70.83333333333334,91.66666666666666,20.833333333333314,0.1882602181372527,0.37088843329821797,28.81944444444444,39.58333333333333,0.607666309782757,Sample-sensitive
Morocco,0.6941566939190965,0.23548484151182883,-0.4630044823715535,0.08405680449927495,0.8784116005074556,-0.21222539460024029,6,1.0933333333333333,1.1516666666666666,1.6666666666666667,-0.05833333333333335,0.5733333333333335,91.66666666666666,66.66666666666666,31.25,64.58333333333334,85.41666666666666,47.91666666666667,87.5,93.75,6.25,0.07496322449095753,0.12600582669243077,56.25,83.33333333333334,27.083333333333343,0.1551016872356164,0.24971196291065972,4.166666666666666,39.58333333333333,35.416666666666664,0.17564425560518093,0.37362543385797437,41.66666666666667,77.08333333333334,35.41666666666667,0.19366460415124306,0.3352683702771998,68.75,87.5,18.75,0.18468661250980933,0.3441148796610255,41.66666666666667,62.5,20.83333333333333,0.13959501879873343,0.23835918091987726,23.958333333333332,35.41666666666667,0.37362543385797437,Sample-sensitive
Netherlands,0.2731095155517215,0.116549541228295,0.2036974234434062,-0.368748517903068,0.7702006792122611,-0.03036043513215217,4,1.25,0.925,2.75,0.32499999999999996,1.5,62.5,58.333333333333336,72.91666666666666,37.5,79.16666666666666,58.333333333333336,39.58333333333333,93.75,54.16666666666667,0.35547762526547855,0.5398615069891982,50.0,83.33333333333334,33.33333333333334,0.25010140941668,0.35591602725383364,47.91666666666667,89.58333333333334,41.66666666666667,0.26550192492323493,0.4262841964657524,20.833333333333336,50.0,29.166666666666664,0.19968732780042814,0.2874235713801577,50.0,95.83333333333334,45.83333333333334,0.48643788135672195,0.7831198967914921,41.66666666666667,72.91666666666666,31.249999999999986,0.3072756566380125,0.3869467222725279,39.236111111111114,54.16666666666667,0.7831198967914921,Sample-sensitive
New Zealand,-0.32394763215396727,-0.3138271558583223,-1.193005084777063,-0.9548465477722105,-0.28296594937272895,-0.5217827724182627,3,0.8266666666666667,2.646666666666667,1.3333333333333333,-1.8200000000000003,0.5066666666666666,35.41666666666667,45.83333333333333,2.083333333333333,14.583333333333334,41.66666666666667,41.66666666666667,27.083333333333332,43.75,16.666666666666668,0.20967504330646322,0.28536689094425005,33.33333333333333,50.0,16.66666666666667,0.09702879437115369,0.12412588354396725,0.0,2.083333333333333,2.083333333333333,0.09338616813294026,0.1184323606333979,6.25,22.916666666666664,16.666666666666664,0.252849900396108,0.34943878704690334,37.5,47.91666666666667,10.416666666666671,0.26301586313026887,0.34929980385608717,4.166666666666666,45.83333333333333,41.666666666666664,0.28134246645523564,0.37340358699298937,17.361111111111114,41.666666666666664,0.37340358699298937,Sample-sensitive
Norway,0.3205210191992042,-0.05378762735210844,-0.7862457853832576,-0.5327740479735664,0.6495977431120058,0.4417145660403317,6,1.6566666666666665,1.6566666666666665,2.1666666666666665,0.0,0.51,68.75,52.083333333333336,8.333333333333332,27.083333333333332,75.0,79.16666666666666,52.083333333333336,83.33333333333334,31.250000000000007,0.1595972305860379,0.20725223641895357,50.0,54.166666666666664,4.166666666666664,0.07131830639830707,0.1004855076019984,2.083333333333333,16.666666666666664,14.583333333333332,0.1595205345880805,0.3366368827469881,16.666666666666664,33.33333333333333,16.666666666666664,0.11981966347223896,0.1885541535782187,56.25,89.58333333333334,33.33333333333334,0.28166274402510527,0.49763474094967053,70.83333333333334,85.41666666666666,14.583333333333314,0.12460645778406457,0.1826388529126331,19.097222222222218,33.33333333333334,0.49763474094967053,Sample-sensitive
Panama,-0.5312229045526304,-0.6231817294252083,-0.12893524773300108,-0.06698760317170087,-0.9478992961680147,-0.637866789100021,3,0.7266666666666666,1.1366666666666667,0.0,-0.41000000000000014,-0.7266666666666666,31.25,22.916666666666664,45.83333333333333,54.166666666666664,29.166666666666668,31.25,6.25,45.83333333333333,39.58333333333333,0.513901625118492,0.7129455355162826,8.333333333333332,41.66666666666667,33.33333333333334,0.2425194917997893,0.2987646276072006,20.833333333333336,66.66666666666666,45.83333333333332,0.32814088844632266,0.4556891473548245,41.66666666666667,72.91666666666666,31.249999999999986,0.2270159245202416,0.31842266415054205,4.166666666666666,43.75,39.583333333333336,0.8769281305880112,1.2154402612421746,29.166666666666668,31.25,2.083333333333332,0.019152885589376906,0.025151536947714437,31.944444444444446,45.83333333333332,1.2154402612421746,Sample-sensitive
Paraguay,-2.107071228637559,-1.4090879370687868,-0.6198226652011648,-1.193508309807561,-3.7473599038233276,-1.0193962572607336,5,0.39799999999999996,1.5779999999999998,0.6,-1.18,0.202,2.083333333333333,2.083333333333333,18.75,8.333333333333332,2.083333333333333,4.166666666666666,0.0,2.083333333333333,2.083333333333333,0.27547528991394177,0.4089221725472143,0.0,2.083333333333333,2.083333333333333,0.07632999953705241,0.11768023224137036,4.166666666666666,33.33333333333333,29.166666666666664,0.14491076718950935,0.21192847029362105,0.0,14.583333333333334,14.583333333333334,0.29310986152563867,0.465101360893853,0.0,2.083333333333333,2.083333333333333,0.4821948358338241,0.6804234581841966,0.0,4.166666666666666,4.166666666666666,0.05361900499352732,0.0777762911767782,9.027777777777777,29.166666666666664,0.6804234581841966,Moderate
Portugal,0.543113452399732,0.395070037301683,0.19671700447328946,0.799722678006206,1.0671066068578328,0.002143089538740028,5,1.278,1.144,1.6,0.13400000000000012,0.32200000000000006,85.41666666666666,79.16666666666666,68.75,87.5,87.5,62.5,68.75,93.75,25.0,0.15933045045526303,0.2783595181484462,60.416666666666664,91.66666666666666,31.249999999999993,0.1613117857799541,0.2115894476514314,56.25,87.5,31.25,0.15496242476408748,0.2719973369169214,81.25,89.58333333333334,8.333333333333343,0.1565352985753583,0.2491803235285791,72.91666666666666,95.83333333333334,22.916666666666686,0.3028841653017018,0.5023177418345002,45.83333333333333,66.66666666666666,20.83333333333333,0.16904479592337462,0.21823795136170565,23.263888888888896,31.25,0.5023177418345002,Sample-sensitive
Qatar,-1.3185601368011184,-1.097836686967543,-0.20486677816757104,-1.4294406169057268,-1.8728436694389536,-0.7500813385590542,3,0.63,2.6033333333333335,0.6666666666666666,-1.9733333333333336,0.036666666666666625,6.25,4.166666666666666,43.75,4.166666666666666,8.333333333333332,22.916666666666664,2.083333333333333,18.75,16.666666666666668,0.5077845270334539,0.7016642920696619,0.0,18.75,18.75,0.36280607977269264,0.454117774932836,4.166666666666666,81.25,77.08333333333333,0.5008682599102147,0.625228791825478,0.0,20.833333333333336,20.833333333333336,0.7340916762205163,0.9801339506498012,4.166666666666666,18.75,14.583333333333334,0.7231259786753009,1.0209409286851727,0.0,41.66666666666667,41.66666666666667,0.234238638584228,0.31342684504074747,31.59722222222223,77.08333333333333,1.0209409286851727,Sample-sensitive
Saudi Arabia,-1.0359323676642604,-0.7890483440800865,-0.35629972978517194,-0.17250614553206992,-1.6046452529060786,-0.8932516257998891,3,0.5066666666666667,2.0233333333333334,0.3333333333333333,-1.5166666666666666,-0.1733333333333334,8.333333333333332,16.666666666666664,37.5,50.0,10.416666666666668,6.25,2.083333333333333,29.166666666666668,27.083333333333336,0.35126307254701766,0.43579937715550054,8.333333333333332,18.75,10.416666666666668,0.0939537997605496,0.1174427281040521,12.5,58.333333333333336,45.833333333333336,0.320757800286852,0.4143976560878061,14.583333333333334,72.91666666666666,58.33333333333332,0.5026413425158718,0.6947430432206333,4.166666666666666,27.083333333333332,22.916666666666664,0.5474933968490834,0.6836252405779157,0.0,29.166666666666668,29.166666666666668,0.2341107616053598,0.3211657794861983,32.291666666666664,58.33333333333332,0.6947430432206333,Sample-sensitive
Scotland,-0.13218449038956867,-0.36314072349133775,-0.7626925627404398,-0.6865358965012818,0.85297204639288,-0.5759553135364165,3,0.7799999999999999,1.7599999999999998,0.3333333333333333,-0.9799999999999999,-0.4466666666666666,43.75,41.66666666666667,10.416666666666668,18.75,83.33333333333334,33.33333333333333,37.5,45.83333333333333,8.333333333333329,0.08334010735662042,0.1169871250297978,33.33333333333333,43.75,10.416666666666671,0.05525696295637103,0.07791176262657407,4.166666666666666,12.5,8.333333333333334,0.09031024217696429,0.11781510392630368,14.583333333333334,33.33333333333333,18.749999999999993,0.20716850842038784,0.2860129989610667,66.66666666666666,89.58333333333334,22.916666666666686,0.2663074610424819,0.3530308385301003,29.166666666666668,39.58333333333333,10.41666666666666,0.054654084287042874,0.07545461084314298,13.194444444444445,22.916666666666686,0.3530308385301003,Moderate
Senegal,0.48774782510646925,0.5203067435995125,0.43863903345270605,0.4475414811539675,0.778428277233332,0.6168079578686506,4,1.8075,1.2675,2.5,0.54,0.6924999999999999,79.16666666666666,87.5,85.41666666666666,81.25,81.25,85.41666666666666,75.0,87.5,12.5,0.08497391870805986,0.09342900549595806,75.0,93.75,18.75,0.15710678332009873,0.2485428489553997,75.0,89.58333333333334,14.583333333333343,0.09869572390431501,0.14803544904710403,77.08333333333334,81.25,4.166666666666657,0.14933950953049827,0.25297465304502154,68.75,85.41666666666666,16.666666666666657,0.1903513357047747,0.25345447218304373,70.83333333333334,100.0,29.166666666666657,0.3319900839754152,0.5484969788213082,15.97222222222222,29.166666666666657,0.5484969788213082,Moderate
South Africa,-0.04763472832525811,-0.5055995969097897,-0.8128769877001931,0.0658313041046999,0.32344560552447793,-0.7587876398101859,4,0.6225,1.3025,0.5,-0.6799999999999999,-0.12250000000000005,47.91666666666667,33.33333333333333,6.25,60.416666666666664,52.083333333333336,18.75,33.33333333333333,66.66666666666666,33.33333333333333,0.2808627763491854,0.38836343261270695,8.333333333333332,50.0,41.66666666666667,0.23973816747717686,0.3815088075720202,2.083333333333333,20.833333333333336,18.750000000000004,0.22076521493704024,0.34283535460261616,33.33333333333333,81.25,47.91666666666667,0.35609206833657053,0.5089705639300817,43.75,85.41666666666666,41.66666666666666,0.4687564214798624,0.6155547304445923,2.083333333333333,35.41666666666667,33.333333333333336,0.20043644124891755,0.2776342732305388,36.111111111111114,47.91666666666667,0.6155547304445923,Sample-sensitive
Spain,0.9075416093867321,1.4859754259018385,0.383536103354754,1.4939416737197442,1.6218654990339352,1.0550251208422883,8,2.185,0.31375000000000003,1.75,1.87125,-0.43500000000000005,97.91666666666666,100.0,81.25,97.91666666666666,97.91666666666666,100.0,95.83333333333334,100.0,4.166666666666657,0.048065889667235594,0.1055336093515038,95.83333333333334,100.0,4.166666666666657,0.18145533353060378,0.35844322145569385,75.0,87.5,12.5,0.08417835844644583,0.152056455697346,95.83333333333334,100.0,4.166666666666657,0.08781199666125132,0.19192253873734821,95.83333333333334,97.91666666666666,2.0833333333333144,0.08223511969894079,0.17566195428211007,91.66666666666666,100.0,8.333333333333343,0.09277092029670041,0.1766135396658184,5.9027777777777715,12.5,0.35844322145569385,Stable
Sweden,-0.19325984734527127,-0.3983150741891561,0.1441402403154437,-0.483788182426465,-0.6454994693542595,-0.12903184931164685,4,1.165,1.6775,1.75,-0.5125,0.585,39.58333333333333,37.5,66.66666666666666,31.25,35.41666666666667,54.166666666666664,35.41666666666667,43.75,8.333333333333329,0.08305888636885192,0.1256567921429428,27.083333333333332,43.75,16.666666666666668,0.09506451564071983,0.1600661021034041,35.41666666666667,89.58333333333334,54.16666666666667,0.38009685216604633,0.5032762486360838,16.666666666666664,50.0,33.333333333333336,0.2410595882705098,0.3748927184397195,27.083333333333332,43.75,16.666666666666668,0.34805211863938323,0.5445026682975653,41.66666666666667,64.58333333333334,22.91666666666667,0.23272360454414937,0.3579257181020883,25.347222222222218,54.16666666666667,0.5445026682975653,Sample-sensitive
Switzerland,0.21890274659309553,0.15807220539910033,0.1305229405309201,0.33621188066949453,0.3655356781541767,0.3739988896426394,6,1.5983333333333334,1.02,1.6666666666666667,0.5783333333333334,0.06833333333333336,60.416666666666664,60.416666666666664,64.58333333333334,79.16666666666666,56.25,75.0,47.91666666666667,72.91666666666666,24.999999999999986,0.13686641949617098,0.2567680023865326,52.083333333333336,75.0,22.916666666666664,0.13845129745048107,0.20019863565847748,50.0,75.0,25.0,0.12648708836909284,0.18710825538719136,56.25,81.25,25.0,0.19064024440501678,0.3633812007815833,45.83333333333333,75.0,29.16666666666667,0.22267531809461,0.3451040280415962,62.5,85.41666666666666,22.916666666666657,0.21016194690862552,0.3579257181020883,25.0,29.16666666666667,0.3633812007815833,Moderate
Tunisia,-0.8507723312098073,-0.4213872427716847,-0.5861757794742596,-0.7871784816076195,-1.0082123869015935,-1.0480303147089005,3,0.37333333333333335,1.7466666666666668,0.6666666666666666,-1.3733333333333335,0.2933333333333333,18.75,35.41666666666667,20.833333333333336,16.666666666666664,27.083333333333332,2.083333333333333,6.25,31.25,25.0,0.2738787523294079,0.3428665043991963,25.0,50.0,25.0,0.13803120839079988,0.1845494018381021,12.5,29.166666666666668,16.666666666666668,0.05232434228452163,0.06936720651652184,2.083333333333333,45.83333333333333,43.74999999999999,0.5087494870673142,0.6556062084603278,8.333333333333332,43.75,35.41666666666667,0.6500767535509612,0.8691314807726807,0.0,10.416666666666668,10.416666666666668,0.17587994891482586,0.22442909891806617,26.04166666666666,43.74999999999999,0.8691314807726807,Sample-sensitive
Türkiye,0.5935795685829174,1.4168813746658346,0.45636348558939194,0.22264217811003525,0.37377632192323623,0.6467963288447715,3,1.8333333333333333,1.0433333333333332,1.0,0.79,-0.8333333333333333,89.58333333333334,97.91666666666666,87.5,70.83333333333334,58.333333333333336,87.5,52.083333333333336,100.0,47.916666666666664,0.5431582274827464,0.7563270201359712,93.75,100.0,6.25,0.6351937140874532,0.8654543283536451,75.0,89.58333333333334,14.583333333333343,0.16464989524006754,0.21514686569698122,50.0,81.25,31.25,0.24704061248869405,0.3230887879978584,39.58333333333333,97.91666666666666,58.33333333333333,0.9947506740422158,1.4036435631863056,79.16666666666666,89.58333333333334,10.416666666666686,0.12233270290258202,0.17219129141127487,28.125,58.33333333333333,1.4036435631863056,Sample-sensitive
USA,0.2958253356787071,0.30350810687249236,1.1885230048396898,0.7120557040489769,0.4731752846685393,-0.002500271128530196,5,1.274,0.9640000000000001,2.2,0.30999999999999994,0.9260000000000002,64.58333333333334,70.83333333333334,95.83333333333334,83.33333333333334,66.66666666666666,60.416666666666664,60.416666666666664,75.0,14.583333333333336,0.07179621224959441,0.13348483328149213,56.25,83.33333333333334,27.083333333333343,0.11500520268759382,0.21699772498030254,89.58333333333334,95.83333333333334,6.25,0.14167603042379223,0.24589738923589766,79.16666666666666,89.58333333333334,10.416666666666686,0.1808244835450541,0.2850377838789333,54.166666666666664,72.91666666666666,18.749999999999993,0.08858761922238712,0.12196595174571045,47.91666666666667,70.83333333333334,22.91666666666667,0.17570150965879344,0.2739582793689497,16.66666666666667,27.083333333333343,0.2850377838789333,Moderate
Uruguay,0.2180048775337419,0.6808950023234939,1.524953459681844,1.1102076189213792,0.33423051036953627,0.04702890932235326,3,1.3166666666666667,0.9066666666666667,1.0,0.4099999999999999,-0.31666666666666665,58.333333333333336,93.75,100.0,91.66666666666666,54.166666666666664,64.58333333333334,33.33333333333333,97.91666666666666,64.58333333333333,0.5460240604904083,0.6929614759025534,70.83333333333334,95.83333333333334,25.0,0.3889052681294626,0.5354170820183572,89.58333333333334,100.0,10.416666666666657,0.5205791218196218,0.7192335229974288,81.25,95.83333333333334,14.583333333333343,0.28767383784621486,0.4003510481457193,31.25,93.75,62.5,0.9376236052661463,1.175227739910434,41.66666666666667,87.5,45.83333333333333,0.48218747520316474,0.6365273581383083,37.15277777777777,64.58333333333333,1.175227739910434,Sample-sensitive
Uzbekistan,-0.8579204510500285,-0.6482311863232763,-0.7491573268724802,-0.03169287387052901,-1.1369897016429615,-0.8197317485681092,3,0.5700000000000001,1.7666666666666666,0.6666666666666666,-1.1966666666666665,0.09666666666666657,16.666666666666664,20.833333333333336,12.5,56.25,22.916666666666664,14.583333333333334,10.416666666666668,20.833333333333336,10.416666666666668,0.08955596314006255,0.11341306510968718,18.75,25.0,6.25,0.0482393239271106,0.0656120030964179,2.083333333333333,29.166666666666668,27.083333333333336,0.19671054500057525,0.2422412726240163,54.166666666666664,56.25,2.0833333333333357,0.013295069908012599,0.018471576627874305,18.75,27.083333333333332,8.333333333333332,0.12569564145544648,0.16102692017655418,0.0,31.25,31.25,0.2313443103101857,0.31342684504074747,14.236111111111112,31.25,0.31342684504074747,Sample-sensitive
